ID,predicted_selling_amount
-9221607263697497458,-1.0
-9217919187333201744,-1.0
-9209328318584438243,-1.0
-9208823364001929950,-1.0
-9207670017580758036,-1.0
-9207200372803159411,-1.0
-9206569785675213125,-1.0
-9205210164822940078,-1.0
-9195460115585985021,-1.0
-9183166557501017729,-1.0
-9180000557560239950,-1.0
-9162547391520652865,-1.0
-9155284066653500789,-1.0
-9153063459780008701,-1.0
-9153055542434669575,-1.0
-9152743349832272015,-1.0
-9148528972634447112,-1.0
-9132680434888006858,-1.0
-9131161804281079496,-1.0
-9125921980138293351,-1.0
-9122294283942355052,-1.0
-9119704809452945097,-1.0
-9113595277698732434,-1.0
-9107844975718425678,-1.0
-9090600433129515980,-1.0
-9090427005435313176,-1.0
-9089256174473548435,-1.0
-9088782211332093516,-1.0
-9083349385937153792,-1.0
-9078320632554796663,-1.0
-9074217370718546510,-1.0
-9071612794120028198,-1.0
-9065427397384143012,-1.0
-9045467247817454532,-1.0
-9045405279483314521,-1.0
-9042843293239344153,-1.0
-9042159001793857770,-1.0
-9034960387181473991,-1.0
-9031916060462256278,-1.0
-9031535830272333199,-1.0
-9030126909531350646,-1.0
-9027650268451806801,-1.0
-9023651248726892425,-1.0
-9022152893987711437,-1.0
-9022146375452346391,-1.0
-9014304393053809835,-1.0
-8993817633097420526,-1.0
-8991982192013102275,-1.0
-8990605275559629765,-1.0
-8987127384223575963,-1.0
-8986374520080785448,-1.0
-8983535058854523735,-1.0
-8973832590479957912,-1.0
-8970882622260726499,-1.0
-8960011003471148490,-1.0
-8949128604404850577,-1.0
-8948881793732858291,-1.0
-8945430369408810564,-1.0
-8945258696773603626,-1.0
-8943384364882658872,-1.0
-8938317367272336074,-1.0
-8922202566771930796,-1.0
-8918756412279827168,-1.0
-8917304065735255819,-1.0
-8911166377965123369,-1.0
-8909756524965647568,-1.0
-8906653794084381887,-1.0
-8905926861667643475,-1.0
-8905151177611741389,-1.0
-8896529464582329475,-1.0
-8895672540388355740,-1.0
-8893560484035768009,-1.0
-8893443672404032073,-1.0
-8889901207806206804,-1.0
-8887616457300665138,-1.0
-8884971997116552575,-1.0
-8884285913849588903,-1.0
-8877390131135342736,-1.0
-8874463954710287848,-1.0
-8862743167483372683,-1.0
-8860681971719623580,-1.0
-8859269516074356223,-1.0
-8854083814184196681,-1.0
-8848816459734396575,-1.0
-8847168531779230526,-1.0
-8845222412166936204,-1.0
-8833556966234497482,-1.0
-8832726883698963020,-1.0
-8824034743701168736,-1.0
-8821599267612933925,-1.0
-8821509440073243339,-1.0
-8816165142664436486,-1.0
-8814209721206296480,-1.0
-8807519122870311402,-1.0
-8798277713314641409,-1.0
-8785558724648533865,-1.0
-8773063039338229576,-1.0
-8752798165686216451,-1.0
-8746278596052964980,-1.0
-8738449595399532770,-1.0
-8724270774092400992,-1.0
-8718158070041230107,-1.0
-8716448497143532575,-1.0
-8713736175773933497,-1.0
-8713551160052299221,-1.0
-8712944670839426236,-1.0
-8702441499053876462,-1.0
-8697905031145699722,-1.0
-8695813222607573061,-1.0
-8695677714844307606,-1.0
-8664477589914002148,-1.0
-8658976031835048140,-1.0
-8657573759931699416,-1.0
-8650801271293136409,-1.0
-8648816254332180980,-1.0
-8633944585805533979,-1.0
-8630900901866423065,-1.0
-8624721009254036875,-1.0
-8621000823580153564,-1.0
-8609210393075164250,-1.0
-8608269762505405431,-1.0
-8601011294870986744,-1.0
-8600972532519536107,-1.0
-8600834425832042773,-1.0
-8600542412220559147,-1.0
-8595291440037352153,-1.0
-8581085307337699721,-1.0
-8577360145205227998,-1.0
-8572209132030099608,-1.0
-8569222321093204879,-1.0
-8565150658162091993,-1.0
-8564592163543527002,-1.0
-8559581712938321687,-1.0
-8549412295758592199,-1.0
-8537109146995493545,-1.0
-8532057866448444827,-1.0
-8524255797029435968,-1.0
-8520865036138471935,-1.0
-8518379604078328934,-1.0
-8517458680192491306,-1.0
-8515795212629993729,-1.0
-8515614270580799760,-1.0
-8515338758262301555,-1.0
-8506504537120915148,-1.0
-8505226616005183685,-1.0
-8503686409577453400,-1.0
-8495362751434606826,-1.0
-8492699384420406004,-1.0
-8490766097359099976,-1.0
-8488720902610780917,-1.0
-8473479720844969406,-1.0
-8473380332940553774,-1.0
-8470207376631537607,-1.0
-8469847192991492258,-1.0
-8469756655121733620,-1.0
-8460008887217219869,-1.0
-8459053674577618675,-1.0
-8454648056691725036,-1.0
-8452833661246554378,-1.0
-8448736486382249690,-1.0
-8444153841462541603,-1.0
-8439391384805066879,-1.0
-8435343628111411222,-1.0
-8431071275154183447,-1.0
-8419022620489308195,-1.0
-8402972554004720813,-1.0
-8393078152145175774,-1.0
-8387282531060923072,-1.0
-8375654828065985201,-1.0
-8368778153071196515,-1.0
-8364451789577805068,-1.0
-8363612524955687613,-1.0
-8361068553567236085,-1.0
-8357403074372812969,-1.0
-8356080594523936786,-1.0
-8346758991800895750,-1.0
-8340728759461999679,-1.0
-8340675777150390841,-1.0
-8333432172267835136,-1.0
-8331753208045160189,-1.0
-8320101223295564260,-1.0
-8319519254865491986,-1.0
-8308142348246980138,-1.0
-8303594602312512432,-1.0
-8298786697796760855,-1.0
-8297335501524817933,-1.0
-8290558604289546856,-1.0
-8282825010062764600,-1.0
-8280559533196250387,-1.0
-8276719929309331441,-1.0
-8276263861714687377,-1.0
-8275888931434154474,-1.0
-8269394766047398379,-1.0
-8257370439367285778,-1.0
-8256506965083063494,-1.0
-8256504252617881076,-1.0
-8249679032340125252,-1.0
-8249229303874447469,-1.0
-8247307605224158412,-1.0
-8237838307681406388,-1.0
-8232505321322170318,-1.0
-8229819622895458037,-1.0
-8228122393299466433,-1.0
-8227026183352537496,-1.0
-8219332197374576561,-1.0
-8217973823473337643,-1.0
-8210839353781932365,-1.0
-8209737113901905558,-1.0
-8205517422867741440,-1.0
-8204489190047822012,-1.0
-8203820126700157332,-1.0
-8196365937669016692,-1.0
-8191252553305660951,-1.0
-8190458270517902706,-1.0
-8188919959371501405,-1.0
-8184801189391795119,-1.0
-8184075805097193839,-1.0
-8179643067555361143,-1.0
-8172680978645676970,-1.0
-8166452908400803279,-1.0
-8166168393159758133,-1.0
-8163805538768956885,-1.0
-8155870802161977815,-1.0
-8153914592985967337,-1.0
-8151205309530668280,-1.0
-8149386481857668983,-1.0
-8144742359421804488,-1.0
-8141285295376521321,-1.0
-8141135050072972861,-1.0
-8138124743692182943,-1.0
-8135310177509474384,-1.0
-8133038166977041820,-1.0
-8130782018617615376,-1.0
-8121041895496501736,-1.0
-8119906748190192539,-1.0
-8117235683516121958,-1.0
-8112120517228111264,-1.0
-8105488969589212366,-1.0
-8099099233507625523,-1.0
-8091299308684752993,-1.0
-8084692841369452651,-1.0
-8084248095432480376,-1.0
-8081908314282091113,-1.0
-8081303493993772087,-1.0
-8078190353435718584,-1.0
-8074634756988544312,-1.0
-8070803052524805705,-1.0
-8065903969984579753,-1.0
-8065048604881203489,-1.0
-8064145219724099230,-1.0
-8062421319768382280,-1.0
-8061417352938577208,-1.0
-8061273271003681087,-1.0
-8055987361932328079,-1.0
-8051506970047531460,-1.0
-8049011112510411992,-1.0
-8046368431389255895,-1.0
-8045314826404269368,-1.0
-8044069714059917895,-1.0
-8043916746236376418,-1.0
-8041387407314412620,-1.0
-8041045396938686181,-1.0
-8036741987250657800,-1.0
-8035755189002575172,-1.0
-8033231125883491781,-1.0
-8032324520502363637,-1.0
-8026559338240676459,-1.0
-8025573476212839313,-1.0
-8023239010407727864,-1.0
-8018382916352728867,-1.0
-8014842212787719612,-1.0
-8013688003511807174,-1.0
-8013465437489763309,-1.0
-8013321137993155818,-1.0
-8009986505867651087,-1.0
-8009300407563799236,-1.0
-8005837513842044382,-1.0
-8001635661752016057,-1.0
-7997707812635208822,-1.0
-7997418001574932812,-1.0
-7989110972818089859,-1.0
-7980461971933445975,-1.0
-7975365413332703745,-1.0
-7965906139948896177,-1.0
-7963109791956638761,-1.0
-7960229460207219775,-1.0
-7960191043417002622,-1.0
-7958464008118028146,-1.0
-7953951686276518737,-1.0
-7953514584809799950,-1.0
-7943783822859134585,-1.0
-7942957580050167148,-1.0
-7940543939090656894,-1.0
-7936112718537287150,-1.0
-7926820054409809461,-1.0
-7925510207814260049,-1.0
-7920735246581381636,-1.0
-7916835009826683325,-1.0
-7914126556496048450,-1.0
-7911630730046984546,-1.0
-7908365017706970921,-1.0
-7904076377483259058,-1.0
-7894569686853427302,-1.0
-7885380912025711560,-1.0
-7863712016648268224,-1.0
-7855521040267510433,-1.0
-7847410333967573521,-1.0
-7836101776132132944,-1.0
-7835462392113324539,-1.0
-7832193934452494000,-1.0
-7828078099717834322,-1.0
-7817697501441782069,-1.0
-7811047788771858679,-1.0
-7801487582206214033,-1.0
-7800499606246677705,-1.0
-7800306140875444995,-1.0
-7790886210143157913,-1.0
-7785311557277125741,-1.0
-7784993753064298557,-1.0
-7783868562324335006,-1.0
-7781835616361319622,-1.0
-7779943693444747996,-1.0
-7776087067297626687,-1.0
-7773543729755318246,-1.0
-7770072176549185944,-1.0
-7769205225615854927,-1.0
-7755721277124348403,-1.0
-7754442966044722304,-1.0
-7750189639987279040,-1.0
-7741768469164436526,-1.0
-7740804203605536971,-1.0
-7740743900734085908,-1.0
-7739774093796004773,-1.0
-7739451982731958147,-1.0
-7735307605006197296,-1.0
-7726837009953090312,-1.0
-7716764565535292971,-1.0
-7714163416008078710,-1.0
-7712690458081228603,-1.0
-7710917145088184261,-1.0
-7708180415839735668,-1.0
-7706740115911154469,-1.0
-7701308431456598660,-1.0
-7698644680953720411,-1.0
-7698365342386131971,-1.0
-7698334395083904203,-1.0
-7696409303562032656,-1.0
-7693096766614596291,-1.0
-7689231755401976196,-1.0
-7682894974242320091,-1.0
-7673196072088680197,-1.0
-7672791591420453766,-1.0
-7655315481806122786,-1.0
-7648489321810635983,-1.0
-7648185677626495222,-1.0
-7648017744480396960,-1.0
-7640295889407234592,-1.0
-7636586700452299248,-1.0
-7634240382964896461,-1.0
-7618763787419012762,-1.0
-7618566463422957231,-1.0
-7616557575691159078,-1.0
-7609783992945187658,-1.0
-7608676827378098763,-1.0
-7608573042550119588,-1.0
-7606644128928727714,-1.0
-7602572629316140494,-1.0
-7600925740807419246,-1.0
-7600919839282197151,-1.0
-7569049966262062573,-1.0
-7563373776646735713,-1.0
-7559700654009172214,-1.0
-7556580662600455725,-1.0
-7556527998120986316,-1.0
-7547797371913237280,-1.0
-7543241131409717810,-1.0
-7536693380416258487,-1.0
-7534156188062412511,-1.0
-7530048248077234933,-1.0
-7522158165327327612,-1.0
-7516307482426501851,-1.0
-7515546106671571463,-1.0
-7512333435784855739,-1.0
-7511636506077966325,-1.0
-7510538876014590179,-1.0
-7492794121027733086,-1.0
-7482951187918658252,-1.0
-7481092266886308676,-1.0
-7475365566385026822,-1.0
-7459691508768678087,-1.0
-7458663874685710453,-1.0
-7453968692749064603,-1.0
-7451063220590254333,-1.0
-7430216212810770548,-1.0
-7416867307305788547,-1.0
-7410727326130583980,-1.0
-7408798656864691296,-1.0
-7389242446055608389,-1.0
-7382592573342976054,-1.0
-7377151786648664008,-1.0
-7372515546978760438,-1.0
-7360502931884107459,-1.0
-7353968299222589856,-1.0
-7344094834000113689,-1.0
-7333546931719532971,-1.0
-7325441546013826261,-1.0
-7324600179433624903,-1.0
-7323269151936763297,-1.0
-7323261695948681380,-1.0
-7317709986661596276,-1.0
-7314153020454163247,-1.0
-7312303432982605904,-1.0
-7309385781999644807,-1.0
-7307322662623623840,-1.0
-7304530723166263097,-1.0
-7295408114065341098,-1.0
-7292579593499210474,-1.0
-7287329281524256015,-1.0
-7282526197188457884,-1.0
-7274761153254387951,-1.0
-7266773999028754256,-1.0
-7266081379677692417,-1.0
-7264036490051965153,-1.0
-7262986180947989530,-1.0
-7251437533321084424,-1.0
-7247374977111680869,-1.0
-7246719591578534564,-1.0
-7239529006227368386,-1.0
-7238178345958242211,-1.0
-7237044564850886500,-1.0
-7231735816760285600,-1.0
-7228139748528052168,-1.0
-7228051104682545284,-1.0
-7226612370056343943,-1.0
-7219511182762711168,-1.0
-7212290709677926036,-1.0
-7202716036381340110,-1.0
-7202425846294760797,-1.0
-7196506651741039841,-1.0
-7195529046525577956,-1.0
-7190287234872258735,-1.0
-7183362335437967738,-1.0
-7177998528645811569,-1.0
-7173988177043573194,-1.0
-7159676158673823029,-1.0
-7159486224416489085,-1.0
-7158177980218959744,-1.0
-7147436823437215726,-1.0
-7144839678045710465,-1.0
-7141369282238974295,-1.0
-7139805798046339578,-1.0
-7137157769095152324,-1.0
-7136099269188953612,-1.0
-7130054094117361287,-1.0
-7128907413357317656,-1.0
-7128814723777998831,-1.0
-7126123013616950845,-1.0
-7123644921338792994,-1.0
-7121683903818491613,-1.0
-7120169824973702631,-1.0
-7117665975973605319,-1.0
-7087745828145838831,-1.0
-7081707547402052286,-1.0
-7079476993339756193,-1.0
-7065997527551020719,-1.0
-7061806987404799085,-1.0
-7060398218581504339,-1.0
-7052232809585837850,-1.0
-7051921846377980174,-1.0
-7050606193730173404,-1.0
-7043722873783160399,-1.0
-7035560151135842119,-1.0
-7032468810682657902,-1.0
-7032332227063624092,-1.0
-7017494704694538224,-1.0
-7015360483761636837,-1.0
-7014827999731174652,-1.0
-6996546233259907495,-1.0
-6994551760986531795,-1.0
-6988565120241714382,-1.0
-6984505532933013233,-1.0
-6981243680661630609,-1.0
-6979701316227496182,-1.0
-6961051895421931389,-1.0
-6961006777643829736,-1.0
-6960135416406632291,-1.0
-6956842306774613838,-1.0
-6955130591746871497,-1.0
-6946151248832544892,-1.0
-6920929999181963534,-1.0
-6920083323847900919,-1.0
-6917647412808234285,-1.0
-6912352116237533125,-1.0
-6908264487737863147,-1.0
-6907870604953179936,-1.0
-6902940564237979879,-1.0
-6901239719923172336,-1.0
-6887831236058545789,-1.0
-6878346928852161574,-1.0
-6877872916905875862,-1.0
-6860244553297565010,-1.0
-6860186340479371355,-1.0
-6849735944085002284,-1.0
-6847271905522386391,-1.0
-6833542372170919895,-1.0
-6831476286351446844,-1.0
-6826975574601717044,-1.0
-6818379732899400829,-1.0
-6817063688599408539,-1.0
-6815997904745722015,-1.0
-6813304365434472747,-1.0
-6794521532282310117,-1.0
-6793563111565965921,-1.0
-6786360308652748796,-1.0
-6782319257738401591,-1.0
-6782222419174583206,-1.0
-6781329496769509045,-1.0
-6780317771180726774,-1.0
-6773760561675485484,-1.0
-6772757728354414064,-1.0
-6771889605718811032,-1.0
-6766042190993210964,-1.0
-6758124534957527795,-1.0
-6748191447299932896,-1.0
-6745140865047058786,-1.0
-6742889393895470531,-1.0
-6737901373903279000,-1.0
-6736717038397683362,-1.0
-6735881879319667736,-1.0
-6728837951374166248,-1.0
-6713727859540040301,-1.0
-6706904310321363637,-1.0
-6705831127047735295,-1.0
-6699497794147705560,-1.0
-6697143590508734097,-1.0
-6693074088933657249,-1.0
-6690673593972450390,-1.0
-6686057963025417993,-1.0
-6684994838144891834,-1.0
-6678187534230201236,-1.0
-6669326347998631201,-1.0
-6668718249467142427,-1.0
-6666070372064838914,-1.0
-6665628365741965265,-1.0
-6665070899569168461,-1.0
-6657272518986381058,-1.0
-6653643739219956930,-1.0
-6642574863032059686,-1.0
-6627847528671602014,-1.0
-6602384208226067052,-1.0
-6599660708317896226,-1.0
-6581265845933575383,-1.0
-6576439588684254974,-1.0
-6574621137966848733,-1.0
-6567251884198386824,-1.0
-6558657697287903013,-1.0
-6552651566208037498,-1.0
-6535314260723515004,-1.0
-6518187738145468036,-1.0
-6489655011686878037,-1.0
-6488747305278987938,-1.0
-6486120323012212317,-1.0
-6486027003145756477,-1.0
-6475063110828905009,-1.0
-6473736298239744302,-1.0
-6472764576379024741,-1.0
-6471622594413183490,-1.0
-6466634385024120090,-1.0
-6466020969898487465,-1.0
-6464300185414702334,-1.0
-6460452893188753134,-1.0
-6456819499791939248,-1.0
-6456039419596458163,-1.0
-6455356159633357770,-1.0
-6451155585303583641,-1.0
-6445539485276725502,-1.0
-6439926283528114084,-1.0
-6439863838048979507,-1.0
-6423766702315478266,-1.0
-6416531908906416939,-1.0
-6414708730537029833,-1.0
-6412723923820998762,-1.0
-6410826731485219580,-1.0
-6403403363745057527,-1.0
-6392518420943300566,-1.0
-6382784935588167530,-1.0
-6372663824587944380,-1.0
-6362058160927812466,-1.0
-6342417957118871992,-1.0
-6341776833141079962,-1.0
-6339564574215376771,-1.0
-6336145648197455446,-1.0
-6334362695217711710,-1.0
-6329519667778282947,-1.0
-6329065705580915857,-1.0
-6320673730491245708,-1.0
-6319266418773495100,-1.0
-6301873718685074224,-1.0
-6297286648089214870,-1.0
-6296793277409381754,-1.0
-6295665939711897218,-1.0
-6295352326842048573,-1.0
-6290111837331362859,-1.0
-6289571117581040679,-1.0
-6289542446699686074,-1.0
-6288423577709379220,-1.0
-6284701841252355365,-1.0
-6281380953568036247,-1.0
-6275535114082156331,-1.0
-6263696031933661178,-1.0
-6257952279297978473,-1.0
-6244113691141170687,-1.0
-6241183125848732548,-1.0
-6239770353695670430,-1.0
-6236531407829523881,-1.0
-6214947293035746569,-1.0
-6213659448307648693,-1.0
-6211672601638181834,-1.0
-6195630447005460151,-1.0
-6189824255296330617,-1.0
-6189275235415956612,-1.0
-6187088221144731147,-1.0
-6185118345400791338,-1.0
-6185076264359769352,-1.0
-6182285678293285979,-1.0
-6181076305157350912,-1.0
-6175679913650786282,-1.0
-6159849230299440075,-1.0
-6149919380832124469,-1.0
-6145382094214864907,-1.0
-6139955192710940375,-1.0
-6135513638215454124,-1.0
-6134718603287954611,-1.0
-6126823929516884769,-1.0
-6117907132626183171,-1.0
-6117282368886233902,-1.0
-6109930209668752932,-1.0
-6104435525542514472,-1.0
-6100206715516278403,-1.0
-6099581577241337391,-1.0
-6094094433998336492,-1.0
-6085651410435122117,-1.0
-6083731209684049025,-1.0
-6080514781118778964,-1.0
-6074879993615416832,-1.0
-6067585335765357974,-1.0
-6061539835057821871,-1.0
-6059719429248556789,-1.0
-6036451240289828249,-1.0
-6036199657389829988,-1.0
-6030273212291938265,-1.0
-6029831879929061638,-1.0
-6017067997613351722,-1.0
-6013915633807674656,-1.0
-6012384316259420268,-1.0
-6011099973091465173,-1.0
-6008663906135393307,-1.0
-5999955635610997684,-1.0
-5987988196548940589,-1.0
-5985933824329275267,-1.0
-5959203073546792229,-1.0
-5958679747649378318,-1.0
-5956858433028786595,-1.0
-5953476582993288697,-1.0
-5952478411685422796,-1.0
-5947984391028767486,-1.0
-5945008634302246854,-1.0
-5944072819222410696,-1.0
-5943457501780090071,-1.0
-5936755562333598169,-1.0
-5935019961730765542,-1.0
-5933027837437754704,-1.0
-5919095701020443155,-1.0
-5915577483366319636,-1.0
-5914883577669286833,-1.0
-5906487462045073045,-1.0
-5902757905751933631,-1.0
-5889851120053914931,-1.0
-5887349361712892255,-1.0
-5883546016645256357,-1.0
-5873702112198292253,-1.0
-5862305377730807601,-1.0
-5854755815464967078,-1.0
-5850208602328013927,-1.0
-5841231927890400371,-1.0
-5839636354940605848,-1.0
-5836345301642335066,-1.0
-5835551425568555737,-1.0
-5835340176257827764,-1.0
-5823646351820997042,-1.0
-5814475267286856068,-1.0
-5812216392196703177,-1.0
-5808339182656077524,-1.0
-5806166278093594818,-1.0
-5802763868110037201,-1.0
-5799966278653866554,-1.0
-5799793964808642615,-1.0
-5794271185285112960,-1.0
-5778245061541317379,-1.0
-5767096485103333167,-1.0
-5758900827430527913,-1.0
-5755394714665529179,-1.0
-5750714194336424748,-1.0
-5749822912635709850,-1.0
-5740533422557062243,-1.0
-5737596443227228078,-1.0
-5731541954191648237,-1.0
-5730871169721570924,-1.0
-5728803686194905981,-1.0
-5728359920222774833,-1.0
-5727328010290033294,-1.0
-5717665260341790828,-1.0
-5716020426390001025,-1.0
-5714796425473322212,-1.0
-5697884732745036293,-1.0
-5689547143063086497,-1.0
-5687513708893506323,-1.0
-5680410692345862482,-1.0
-5677811172903779679,-1.0
-5674948617080907453,-1.0
-5671268235993441115,-1.0
-5668199018813412123,-1.0
-5657202222143634364,-1.0
-5650262579190517579,-1.0
-5649506859648240727,-1.0
-5644388797942810170,-1.0
-5644374726670831374,-1.0
-5640852165633795305,-1.0
-5636941203866945764,-1.0
-5635412912672485395,-1.0
-5633706491226813955,-1.0
-5631280201417928863,-1.0
-5626168942305029512,-1.0
-5624414937268047859,-1.0
-5620279034538404629,-1.0
-5603541152149293842,-1.0
-5600764308720634297,-1.0
-5599076316167409327,-1.0
-5594663123166162470,-1.0
-5592774119909903669,-1.0
-5577047349975123397,-1.0
-5573860881577508296,-1.0
-5565668387305063565,-1.0
-5565041199005148586,-1.0
-5543751429979694649,-1.0
-5543110357340095036,-1.0
-5538996817773689583,-1.0
-5538303062042149166,-1.0
-5531984339182381139,-1.0
-5530357874936938703,-1.0
-5528522919830685828,-1.0
-5520702375250881870,-1.0
-5520176137911351590,-1.0
-5507210053079858609,-1.0
-5506938291867381638,-1.0
-5506423454013644121,-1.0
-5503192967130168465,-1.0
-5488794660800656820,-1.0
-5484204381641977600,-1.0
-5480426996850499135,-1.0
-5475867804718308076,-1.0
-5468834180716041952,-1.0
-5467814457945064856,-1.0
-5464264335119674949,-1.0
-5456369567146152350,-1.0
-5452387196209043765,-1.0
-5449571650803451898,-1.0
-5448077891043117563,-1.0
-5448025196770916407,-1.0
-5446695056747893699,-1.0
-5446584976158638450,-1.0
-5444462006822277291,-1.0
-5444181198527720172,-1.0
-5444123684222148141,-1.0
-5443209314232305618,-1.0
-5435497355800345629,-1.0
-5434848206782578228,-1.0
-5430125825169292519,-1.0
-5426085591438461468,-1.0
-5424562545201586712,-1.0
-5422685299768631619,-1.0
-5419132190134349514,-1.0
-5416899111485683038,-1.0
-5409118449239623957,-1.0
-5403769663745623848,-1.0
-5399399813929864417,-1.0
-5391021174755904950,-1.0
-5387591194338083824,-1.0
-5386395831174191375,-1.0
-5383646190718341633,-1.0
-5382364707696861362,-1.0
-5373890305846986381,-1.0
-5370623585471229154,-1.0
-5370428134550177740,-1.0
-5366475687867395328,-1.0
-5357319955503213550,-1.0
-5356985612031433363,-1.0
-5349832802406518157,-1.0
-5348441064654236842,-1.0
-5339928918878747674,-1.0
-5323883965573836023,-1.0
-5319133444137459778,-1.0
-5315821671097598624,-1.0
-5311939087466565946,-1.0
-5298348871881985856,-1.0
-5297919281759802624,-1.0
-5296866640566024867,-1.0
-5296353556726537160,-1.0
-5296239993886380782,-1.0
-5293950912909772301,-1.0
-5289542377384395883,-1.0
-5285698925778083760,-1.0
-5281264652391090292,-1.0
-5277960504507649132,-1.0
-5272273446161635509,-1.0
-5271326728717708620,-1.0
-5269712289647597020,-1.0
-5258348340457705146,-1.0
-5252566530995980654,-1.0
-5252266992191339195,-1.0
-5252068470006477679,-1.0
-5251827912897995239,-1.0
-5247472974916980669,-1.0
-5237075435596853098,-1.0
-5228085420102810529,-1.0
-5217406263975622969,-1.0
-5217343016631135015,-1.0
-5217259543038332095,-1.0
-5215936987867371938,-1.0
-5205680842653594191,-1.0
-5201993134741943214,-1.0
-5201592114698691146,-1.0
-5198566190476423481,-1.0
-5195181519812810761,-1.0
-5190696730154695881,-1.0
-5180585673908955392,-1.0
-5178293903810462479,-1.0
-5176699361791019638,-1.0
-5175051498344148803,-1.0
-5170986661854958418,-1.0
-5159094045455445631,-1.0
-5146562839702448013,-1.0
-5145450754469683010,-1.0
-5144178072828586163,-1.0
-5144104515245646287,-1.0
-5122388311299770985,-1.0
-5119084256385202149,-1.0
-5109761256844316426,-1.0
-5102214257117013873,-1.0
-5094822926220997396,-1.0
-5093873856555436031,-1.0
-5087807229705458880,-1.0
-5087790230148209156,-1.0
-5087758706780751675,-1.0
-5083666154999805392,-1.0
-5081602996248725447,-1.0
-5074542601624493605,-1.0
-5055750587705075023,-1.0
-5053465503319967654,-1.0
-5052643519710501287,-1.0
-5044829528118597723,-1.0
-5044364967429600498,-1.0
-5042513554295206463,-1.0
-5039990695804970442,-1.0
-5038024742542998486,-1.0
-5028815713006187474,-1.0
-5026299925315611459,-1.0
-5025222747870466200,-1.0
-5025166223116466136,-1.0
-5024480631258878888,-1.0
-5022578070300522764,-1.0
-5022065817573846454,-1.0
-5018791646572307964,-1.0
-5016462118239499268,-1.0
-5015296717672977927,-1.0
-5014326792613922747,-1.0
-5012682898328287495,-1.0
-5006013124829150029,-1.0
-4998799669571433705,-1.0
-4993783370864836420,-1.0
-4993098503984630999,-1.0
-4983853331468351802,-1.0
-4979468829274624029,-1.0
-4974145955943256109,-1.0
-4972037810536899947,-1.0
-4972010549275777252,-1.0
-4971839648089435897,-1.0
-4970965858445314121,-1.0
-4969028315887141087,-1.0
-4964071780353756053,-1.0
-4960116699085040195,-1.0
-4959990143309806834,-1.0
-4958935021273897487,-1.0
-4952214339580504112,-1.0
-4944873211804641787,-1.0
-4935561890780572163,-1.0
-4932092416930480490,-1.0
-4931125960219076653,-1.0
-4906846431664502369,-1.0
-4903198121664388061,-1.0
-4897412153715473225,-1.0
-4881901706469840321,-1.0
-4868841028359788190,-1.0
-4866984721486669496,-1.0
-4864156602876122809,-1.0
-4861942246925742774,-1.0
-4861639000357801501,-1.0
-4859885531409395721,-1.0
-4853685310189525565,-1.0
-4844203320858353702,-1.0
-4832902232752715985,-1.0
-4827344943454892333,-1.0
-4824818236518506196,-1.0
-4821781435053337002,-1.0
-4820208091059365109,-1.0
-4819124406771845615,-1.0
-4814966968675841791,-1.0
-4810120491236649202,-1.0
-4795327493896055946,-1.0
-4790844845358615987,-1.0
-4781600216062436314,-1.0
-4781447551705566722,-1.0
-4775751895886833913,-1.0
-4769674741444131014,-1.0
-4765024819330744225,-1.0
-4761818558558609425,-1.0
-4760624413218876291,-1.0
-4740078008440478768,-1.0
-4740048449149385227,-1.0
-4727904569578362338,-1.0
-4726509138990204471,-1.0
-4719761474594910026,-1.0
-4717216028923053049,-1.0
-4705673374642092161,-1.0
-4704822978715593978,-1.0
-4704152932700557041,-1.0
-4703430535508782638,-1.0
-4703332381882201769,-1.0
-4700916685155015366,-1.0
-4692192468538271709,-1.0
-4692115055935957166,-1.0
-4691393856062561694,-1.0
-4685340398826424351,-1.0
-4683473192875755243,-1.0
-4680395005447504980,-1.0
-4678680131543533031,-1.0
-4668129154283073993,-1.0
-4667235292572310010,-1.0
-4666838191779767556,-1.0
-4665598859040331019,-1.0
-4664662898405465772,-1.0
-4648706726091176222,-1.0
-4647220428975822804,-1.0
-4644955645160529915,-1.0
-4640009827423020268,-1.0
-4637584366774720869,-1.0
-4631189778540082712,-1.0
-4631037905022206379,-1.0
-4623750707796447609,-1.0
-4622982794356144714,-1.0
-4614683931472586908,-1.0
-4608947738963995345,-1.0
-4605626895242155077,-1.0
-4601836154647449629,-1.0
-4598197754411794954,-1.0
-4597738867240379935,-1.0
-4593827389810386838,-1.0
-4590918143082985906,-1.0
-4583786787063792064,-1.0
-4575710193432711013,-1.0
-4574593911723414180,-1.0
-4574454641068889154,-1.0
-4571993361839510759,-1.0
-4569139265041418247,-1.0
-4567234112434152863,-1.0
-4566732970170361942,-1.0
-4556349502793137669,-1.0
-4553842204905663451,-1.0
-4550971948719496382,-1.0
-4548556780531384264,-1.0
-4541993867433555928,-1.0
-4537725008450531623,-1.0
-4536837668053700992,-1.0
-4534579931231111425,-1.0
-4510313246784551159,-1.0
-4507688645433678336,-1.0
-4498528205849241261,-1.0
-4493077579243085562,-1.0
-4491687538827939823,-1.0
-4491029663180485374,-1.0
-4487520829866261010,-1.0
-4476850305511684420,-1.0
-4470669139134940480,-1.0
-4469481093130179635,-1.0
-4463341666523424999,-1.0
-4461468356930251208,-1.0
-4452463265534805204,-1.0
-4449794605540294566,-1.0
-4444777630817876472,-1.0
-4443777306016467680,-1.0
-4443644132142929355,-1.0
-4443349324801516379,-1.0
-4440616706359661774,-1.0
-4439141216038200685,-1.0
-4430720838534455889,-1.0
-4429810233933882475,-1.0
-4425164775689798470,-1.0
-4424465554850439157,-1.0
-4410575313436844765,-1.0
-4402690978167734606,-1.0
-4398939872370476550,-1.0
-4396227661494218927,-1.0
-4391642012672426141,-1.0
-4390045245424123092,-1.0
-4385115389591792035,-1.0
-4384138978386691501,-1.0
-4375779746766432505,-1.0
-4372902030457014754,-1.0
-4364091072703800133,-1.0
-4360766549307731113,-1.0
-4354274230884468017,-1.0
-4341414121477307319,-1.0
-4333979800457452006,-1.0
-4331790225090460118,-1.0
-4329414326276296884,-1.0
-4326589495828978047,-1.0
-4325916536766789485,-1.0
-4321289744122243327,-1.0
-4321218418401907680,-1.0
-4317680895763140352,-1.0
-4308888475140580915,-1.0
-4303392524799642829,-1.0
-4302079753813765620,-1.0
-4292806852860886359,-1.0
-4290884535452372687,-1.0
-4287180773241387532,-1.0
-4286593619703607119,-1.0
-4283170643693713808,-1.0
-4282712828620215406,-1.0
-4276675266082172744,-1.0
-4275191910007097543,-1.0
-4268047890724834034,-1.0
-4256088355168524486,-1.0
-4246826503564841209,-1.0
-4244747495858834715,-1.0
-4235245699402176710,-1.0
-4233276977660976237,-1.0
-4232426202140749751,-1.0
-4215544476164613875,-1.0
-4211557915655797046,-1.0
-4194616799829814399,-1.0
-4188008025014890257,-1.0
-4169751530427393938,-1.0
-4164178572380984019,-1.0
-4162035247546256918,-1.0
-4161287274307697360,-1.0
-4155045025153319906,-1.0
-4153135716991663142,-1.0
-4144962928653243483,-1.0
-4142587082167253077,-1.0
-4139406942749050360,-1.0
-4138788743212944644,-1.0
-4137535255667572419,-1.0
-4129561248931322038,-1.0
-4123986026883622756,-1.0
-4114893411321154903,-1.0
-4112671670016467315,-1.0
-4112580654174260943,-1.0
-4106260611088337117,-1.0
-4096056816148241252,-1.0
-4091956479507687745,-1.0
-4088381133821364784,-1.0
-4082521751735727059,-1.0
-4080440032944073976,-1.0
-4074843885664176628,-1.0
-4071380852695089200,-1.0
-4070843487742311769,-1.0
-4070385072401358705,-1.0
-4063402536526225661,-1.0
-4054762897573081523,-1.0
-4040500999315627065,-1.0
-4039208173775076090,-1.0
-4036841989304353986,-1.0
-4036481433526794953,-1.0
-4036201868879892763,-1.0
-4032155164612679895,-1.0
-4031898542795537449,-1.0
-4029296575458659452,-1.0
-4022798990682796728,-1.0
-4022685097554179710,-1.0
-4022040868264509384,-1.0
-4017814796758348340,-1.0
-4014337182557175644,-1.0
-4006118946501835383,-1.0
-4000861497988340062,-1.0
-3999475541800687533,-1.0
-3995919303394996502,-1.0
-3992998830673605144,-1.0
-3991130943004454031,-1.0
-3973385250958076071,-1.0
-3972214440602825788,-1.0
-3968385731314933544,-1.0
-3967773345647285579,-1.0
-3952929341510689534,-1.0
-3950860105334557526,-1.0
-3946239312155153276,-1.0
-3941679103083083694,-1.0
-3924769712611535545,-1.0
-3922509029033170782,-1.0
-3919606474298494492,-1.0
-3911891208205212727,-1.0
-3905876261669800989,-1.0
-3889527156268170220,-1.0
-3887280248273538907,-1.0
-3885406718500883689,-1.0
-3878599649255096514,-1.0
-3859253106096139052,-1.0
-3838148380030378215,-1.0
-3834277957640798257,-1.0
-3821417154230301767,-1.0
-3821334088476076406,-1.0
-3817796171126685343,-1.0
-3807878804055723949,-1.0
-3802588132380649333,-1.0
-3791868040384281822,-1.0
-3791489458780806914,-1.0
-3782865908606601406,-1.0
-3780987428240258916,-1.0
-3775881689471087427,-1.0
-3774382947839884753,-1.0
-3769017508703787257,-1.0
-3764755845756909869,-1.0
-3762367212404725246,-1.0
-3757773511422378295,-1.0
-3757156586540425098,-1.0
-3754362876178537930,-1.0
-3753653628899314895,-1.0
-3750743116002105909,-1.0
-3749151818549855212,-1.0
-3741760362507610614,-1.0
-3740413606401673334,-1.0
-3738882183654972445,-1.0
-3736878419721019068,-1.0
-3736067614845479502,-1.0
-3736043895102713469,-1.0
-3732070735287797812,-1.0
-3732004174609459241,-1.0
-3729791003655384360,-1.0
-3725803148051313309,-1.0
-3724063180227337020,-1.0
-3721011667611555289,-1.0
-3719330025653233465,-1.0
-3718723059384320162,-1.0
-3718043058914433720,-1.0
-3717541074496028792,-1.0
-3714219931912163210,-1.0
-3713601007978388344,-1.0
-3710290184835885937,-1.0
-3710277251997417518,-1.0
-3707836470549966805,-1.0
-3685132283812066501,-1.0
-3680970948882707084,-1.0
-3680852031133285719,-1.0
-3673461445638443973,-1.0
-3663679427567577224,-1.0
-3658056309328468685,-1.0
-3655397724866671067,-1.0
-3649968254865624669,-1.0
-3648648686786807715,-1.0
-3644984955679285557,-1.0
-3642515028423159078,-1.0
-3633275128678955755,-1.0
-3629779251311760767,-1.0
-3628182698373344185,-1.0
-3625369771174227130,-1.0
-3623886078453813729,-1.0
-3620970836765176955,-1.0
-3611921973079747797,-1.0
-3602528141222059912,-1.0
-3601233203915239339,-1.0
-3600391716600359671,-1.0
-3591569668110886272,-1.0
-3589454317003756106,-1.0
-3564309139297069533,-1.0
-3560136758548889967,-1.0
-3555740661175602076,-1.0
-3546188654344671827,-1.0
-3542751880637446733,-1.0
-3542187687608753641,-1.0
-3536998100060338392,-1.0
-3534613234862104274,-1.0
-3527691396657601795,-1.0
-3522582676179656040,-1.0
-3519735378368121589,-1.0
-3512169937151708038,-1.0
-3510870269170521216,-1.0
-3504939269517811166,-1.0
-3501865632088850910,-1.0
-3499590806017196657,-1.0
-3497733912617006250,-1.0
-3497733839367661867,-1.0
-3482046299827809706,-1.0
-3476174146969772406,-1.0
-3459940142627687227,-1.0
-3457857848529498060,-1.0
-3442477734844862834,-1.0
-3421610803570113439,-1.0
-3416516674550236077,-1.0
-3415714725518571276,-1.0
-3413024328694711887,-1.0
-3400234200366267399,-1.0
-3397838988186042007,-1.0
-3396099902571984491,-1.0
-3385765197686465323,-1.0
-3381995144502843062,-1.0
-3379725492912803180,-1.0
-3372312134452516761,-1.0
-3364794928851175079,-1.0
-3359947897241350580,-1.0
-3355329067574929127,-1.0
-3354129268513580146,-1.0
-3350488697920221170,-1.0
-3347035739809142413,-1.0
-3345370475266970204,-1.0
-3342965065847068081,-1.0
-3342143781793016306,-1.0
-3337291620745959129,-1.0
-3332920429514881976,-1.0
-3331122446917732634,-1.0
-3326377262030997836,-1.0
-3316521462979676652,-1.0
-3315572235828341588,-1.0
-3315120549861390078,-1.0
-3309385388167976538,-1.0
-3308027069141690318,-1.0
-3307663105223565529,-1.0
-3296757499555459418,-1.0
-3296448255734836917,-1.0
-3294451456381751701,-1.0
-3293202703890681830,-1.0
-3291020921465473705,-1.0
-3290417355103265245,-1.0
-3284123636014773183,-1.0
-3276508541752184802,-1.0
-3266093322429289392,-1.0
-3265622940013559411,-1.0
-3264664225188263940,-1.0
-3264483062472807880,-1.0
-3256668485671780190,-1.0
-3244307134032535832,-1.0
-3242868767512798278,-1.0
-3241777944264362394,-1.0
-3240793261567798526,-1.0
-3236153460195389720,-1.0
-3221928361845341819,-1.0
-3220456025361914382,-1.0
-3218854091166666052,-1.0
-3217348215992242020,-1.0
-3212487464517023847,-1.0
-3212043740397028342,-1.0
-3198500759864900469,-1.0
-3196036259626113442,-1.0
-3191350185730560526,-1.0
-3188747858029407700,-1.0
-3184860056828491718,-1.0
-3178218214153951208,-1.0
-3177408750630771512,-1.0
-3168268573955713457,-1.0
-3162244458840650413,-1.0
-3160081657161438304,-1.0
-3152104749809896388,-1.0
-3151801225433601105,-1.0
-3139342139123656519,-1.0
-3139089148233752724,-1.0
-3132348832581107377,-1.0
-3131338113626734192,-1.0
-3126082434916992147,-1.0
-3123957588129828829,-1.0
-3118461937260716139,-1.0
-3114797154252278351,-1.0
-3107683650417747181,-1.0
-3105691235517802464,-1.0
-3104280534666053013,-1.0
-3100148364343786728,-1.0
-3099961143386341022,-1.0
-3097205490068664945,-1.0
-3096301387480877651,-1.0
-3089072846808081263,-1.0
-3087451585986533470,-1.0
-3085187205000920797,-1.0
-3076279999126992243,-1.0
-3063476092837746090,-1.0
-3057287202330138743,-1.0
-3053096267421042967,-1.0
-3052937666002626787,-1.0
-3050302897319174774,-1.0
-3049357306074882954,-1.0
-3042749894865849708,-1.0
-3042176096782490649,-1.0
-3039759927297239243,-1.0
-3038863428111789016,-1.0
-3035174419306139579,-1.0
-3031213230298094830,-1.0
-3021828009113210286,-1.0
-3017660304943675011,-1.0
-3007969120465246578,-1.0
-3004832809789326851,-1.0
-2997976989868186221,-1.0
-2996800996776555107,-1.0
-2988223348873575307,-1.0
-2987154357838801593,-1.0
-2985970788446746512,-1.0
-2984390672513316907,-1.0
-2980300087687597240,-1.0
-2979416419699807761,-1.0
-2973948617621832894,-1.0
-2966543796347989900,-1.0
-2951159595410345383,-1.0
-2942081950186559654,-1.0
-2932692116428999169,-1.0
-2932387095290010525,-1.0
-2928859811776960520,-1.0
-2926925788954420475,-1.0
-2925334241343308733,-1.0
-2923508776771637509,-1.0
-2923119821179831004,-1.0
-2922607576483475819,-1.0
-2893912607765844503,-1.0
-2875361162373859765,-1.0
-2864344871974662173,-1.0
-2847181840136608660,-1.0
-2838187139685163025,-1.0
-2818780268097700140,-1.0
-2817755326567430786,-1.0
-2817554010678046190,-1.0
-2814058406493503255,-1.0
-2811785365573309127,-1.0
-2811559806752479495,-1.0
-2808339558209747731,-1.0
-2795991114765933236,-1.0
-2786221174808179224,-1.0
-2780737443874206422,-1.0
-2777457450151957040,-1.0
-2774010860602639345,-1.0
-2772378929493839801,-1.0
-2761272155769488762,-1.0
-2759706680066647027,-1.0
-2758739051939371946,-1.0
-2758602153549684662,-1.0
-2753102906035268461,-1.0
-2752685846680970543,-1.0
-2750658209006268700,-1.0
-2746265165434654737,-1.0
-2742761171461826417,-1.0
-2740584824685669230,-1.0
-2736574670205999318,-1.0
-2730383287651180654,-1.0
-2729718379226678737,-1.0
-2728720696456311177,-1.0
-2724074974171992785,-1.0
-2722618476771513023,-1.0
-2716326729275173397,-1.0
-2715449789745438248,-1.0
-2715259321892792327,-1.0
-2714472504729694188,-1.0
-2714204483419489392,-1.0
-2711184491218684152,-1.0
-2706508586496305703,-1.0
-2701754901430901702,-1.0
-2696488227851537644,-1.0
-2675998465042226251,-1.0
-2670086629801830647,-1.0
-2663235757374827621,-1.0
-2662217763240305229,-1.0
-2657303827417921047,-1.0
-2655550125434585133,-1.0
-2648785693086019295,-1.0
-2634686938125762883,-1.0
-2629182541884345396,-1.0
-2623279077053214386,-1.0
-2615789931671801602,-1.0
-2613961777370783952,-1.0
-2613792581069847286,-1.0
-2611934236183741813,-1.0
-2604230598366219609,-1.0
-2601106634343451790,-1.0
-2600705558726651695,-1.0
-2598811161263120693,-1.0
-2594638956328289100,-1.0
-2590532923632921520,-1.0
-2586063316995327297,-1.0
-2584127515677573223,-1.0
-2580913426071097947,-1.0
-2577429789015651906,-1.0
-2576244216253060055,-1.0
-2572446602083791721,-1.0
-2571123004045402088,-1.0
-2570997459793532151,-1.0
-2570509293943730377,-1.0
-2566498492084825755,-1.0
-2554816323469135804,-1.0
-2553347314503461437,-1.0
-2546628491577058851,-1.0
-2540619721004037399,-1.0
-2538344005591676376,-1.0
-2531310569349010768,-1.0
-2523980267967260608,-1.0
-2523944540869839566,-1.0
-2518403182187734864,-1.0
-2517624318382067185,-1.0
-2501143347636984319,-1.0
-2497144926836309859,-1.0
-2485671707338882939,-1.0
-2482375510273832173,-1.0
-2480692008394192903,-1.0
-2480656961061766640,-1.0
-2479818712827165816,-1.0
-2476651745002506830,-1.0
-2476625957159726321,-1.0
-2475485518756920541,-1.0
-2475348746789509276,-1.0
-2474249782743868078,-1.0
-2470807854596401811,-1.0
-2468966611676857631,-1.0
-2467835780311374688,-1.0
-2464066637178479768,-1.0
-2463287915696782940,-1.0
-2462808202596307159,-1.0
-2452210942137571908,-1.0
-2451313038857922765,-1.0
-2433151351783542829,-1.0
-2433138337160350436,-1.0
-2416484706498462064,-1.0
-2409392911549103232,-1.0
-2409319873879402663,-1.0
-2407391799370437752,-1.0
-2399911541157480341,-1.0
-2397677469954320025,-1.0
-2395174653929071075,-1.0
-2380429740050979686,-1.0
-2377315226596170883,-1.0
-2369887508409671299,-1.0
-2366760356880701703,-1.0
-2364318708332799684,-1.0
-2350740868327913147,-1.0
-2348482222191062002,-1.0
-2330251151004938986,-1.0
-2302384840299026608,-1.0
-2301777611319375614,-1.0
-2298489583824959486,-1.0
-2283838324329532943,-1.0
-2283012326003736183,-1.0
-2278782174238605994,-1.0
-2274567565248661322,-1.0
-2269896853882529134,-1.0
-2262862356022241365,-1.0
-2257485580453788234,-1.0
-2257129042851015662,-1.0
-2256612416383756015,-1.0
-2255892163186810615,-1.0
-2250609408699943018,-1.0
-2242885977674042672,-1.0
-2242663288197082024,-1.0
-2242040328945218503,-1.0
-2235948801311729552,-1.0
-2233754913951914839,-1.0
-2230672419696205053,-1.0
-2228404411858797120,-1.0
-2227314658671416062,-1.0
-2226275011915567016,-1.0
-2223695069404162904,-1.0
-2221986953322517085,-1.0
-2220640459634256268,-1.0
-2197376315901816747,-1.0
-2189495269199332594,-1.0
-2188430251503675661,-1.0
-2186640107259360085,-1.0
-2182028649956443788,-1.0
-2181182097905153079,-1.0
-2171075887880112431,-1.0
-2167887094346126947,-1.0
-2167393135617938692,-1.0
-2163518978455138540,-1.0
-2162206770049434948,-1.0
-2155167035574540325,-1.0
-2145036808723845453,-1.0
-2140937256850494069,-1.0
-2140378654758842670,-1.0
-2139794101219124700,-1.0
-2130031205242088222,-1.0
-2127574666598749023,-1.0
-2121991467036350950,-1.0
-2115744146474082958,-1.0
-2099575998247125256,-1.0
-2099017978262880164,-1.0
-2080888406256186786,-1.0
-2078278768229009610,-1.0
-2076947100733236303,-1.0
-2051383197783766176,-1.0
-2047255243328056671,-1.0
-2042798562466289730,-1.0
-2040522959994079093,-1.0
-2038517114526769475,-1.0
-2031092052879149751,-1.0
-2025564867204141315,-1.0
-2024659156140535553,-1.0
-2020442356996005172,-1.0
-2020326442562256768,-1.0
-2016871512964846299,-1.0
-2016181605766861854,-1.0
-2014773418125075108,-1.0
-2011593414468646324,-1.0
-2007490260120581826,-1.0
-2004762199270691711,-1.0
-2002459764310773698,-1.0
-2001377898714426515,-1.0
-1997356450613795110,-1.0
-1994414340293502113,-1.0
-1993696194222686975,-1.0
-1986786810165425728,-1.0
-1986063577511758903,-1.0
-1983232692529877627,-1.0
-1979637015920156593,-1.0
-1973740917081725055,-1.0
-1965155815187014043,-1.0
-1961354862144532539,-1.0
-1958343550142870968,-1.0
-1951632433827117983,-1.0
-1947055747115908406,-1.0
-1934595193547596711,-1.0
-1934296083817166193,-1.0
-1932595844555143448,-1.0
-1930520539580019700,-1.0
-1926492199398183492,-1.0
-1925564730854694660,-1.0
-1920814926942269334,-1.0
-1916193977403782770,-1.0
-1911818511358281355,-1.0
-1907298322754304886,-1.0
-1896008255752129324,-1.0
-1888705248396149031,-1.0
-1879839732292066123,-1.0
-1879554443079363019,-1.0
-1879114428308531576,-1.0
-1877843881502845246,-1.0
-1877796039284053370,-1.0
-1877375412390118020,-1.0
-1874139754626560354,-1.0
-1872636981093643471,-1.0
-1853665387953750338,-1.0
-1853187753454347317,-1.0
-1839120857790034985,-1.0
-1833614345315906387,-1.0
-1818091623197362046,-1.0
-1809210167419462977,-1.0
-1807118222941191948,-1.0
-1803867036423314283,-1.0
-1797071951208712358,-1.0
-1796887050309324768,-1.0
-1794225849869692677,-1.0
-1792781459746826035,-1.0
-1786896035033572185,-1.0
-1777043700096743863,-1.0
-1772577961306655973,-1.0
-1759799013599860954,-1.0
-1758145257896522616,-1.0
-1754546065649671361,-1.0
-1738764197756841652,-1.0
-1735849779999961637,-1.0
-1734282714188885157,-1.0
-1730534441762768925,-1.0
-1723628765271298199,-1.0
-1722876417334821569,-1.0
-1719332717679367923,-1.0
-1718731526239412465,-1.0
-1718512417419801849,-1.0
-1709349206330425721,-1.0
-1708669852889712929,-1.0
-1706332458808332530,-1.0
-1704523868864405326,-1.0
-1701324179398301656,-1.0
-1697919259298812403,-1.0
-1694166801117268888,-1.0
-1692783896226062075,-1.0
-1686850770156570016,-1.0
-1678663252659765020,-1.0
-1672778578194275064,-1.0
-1669367964532428033,-1.0
-1662122612074791459,-1.0
-1661913855238616817,-1.0
-1660462941986062706,-1.0
-1652377643123470356,-1.0
-1647037446770442501,-1.0
-1642950299584460768,-1.0
-1640077491195851130,-1.0
-1639892664411563067,-1.0
-1631840397813197625,-1.0
-1623234363026952984,-1.0
-1611401368817001335,-1.0
-1601781016666818141,-1.0
-1599618651960013299,-1.0
-1587483720908265658,-1.0
-1583881193347458471,-1.0
-1578664459714856323,-1.0
-1573340696719539110,-1.0
-1569545750735118118,-1.0
-1564750699698563956,-1.0
-1562840010970288629,-1.0
-1550195948569810345,-1.0
-1548986420149050872,-1.0
-1536061374522577824,-1.0
-1531524167163368138,-1.0
-1526503616995179917,-1.0
-1522758952015571917,-1.0
-1520821778763291834,-1.0
-1504551127690897541,-1.0
-1503540042151040789,-1.0
-1498405725918783701,-1.0
-1497957133842453114,-1.0
-1489322937675955449,-1.0
-1484379741161463721,-1.0
-1482819871659939421,-1.0
-1480563597375051271,-1.0
-1474954111276557985,-1.0
-1474366105777591693,-1.0
-1466270694033653957,-1.0
-1455984445964218958,-1.0
-1455290490255593243,-1.0
-1450138759113694827,-1.0
-1439214821598509783,-1.0
-1436200201131522968,-1.0
-1431207946475636853,-1.0
-1429450813088055571,-1.0
-1426568183012763248,-1.0
-1421585942107436215,-1.0
-1414726675964616185,-1.0
-1408311649179079449,-1.0
-1406997743040478440,-1.0
-1401433262184931660,-1.0
-1393415137673659112,-1.0
-1390217304589918921,-1.0
-1386937860247400623,-1.0
-1375774136830944724,-1.0
-1374612630367070975,-1.0
-1374209973289127365,-1.0
-1367431414312147361,-1.0
-1366589971693866249,-1.0
-1363153884100305547,-1.0
-1356838576193492195,-1.0
-1356622685321588905,-1.0
-1354233198138838849,-1.0
-1350901028315250534,-1.0
-1344554243447551902,-1.0
-1340535953026246845,-1.0
-1327346838600832182,-1.0
-1326330635649570495,-1.0
-1324512434295356157,-1.0
-1319674228863431147,-1.0
-1313960328056031359,-1.0
-1307650769082039574,-1.0
-1288839736959454306,-1.0
-1287589973644458819,-1.0
-1285489907854904348,-1.0
-1277826906175098212,-1.0
-1277443913826127443,-1.0
-1277393674084817565,-1.0
-1274763842923202793,-1.0
-1271886179598307261,-1.0
-1268433088469514809,-1.0
-1265916904105263286,-1.0
-1253492702587364890,-1.0
-1244185090287578861,-1.0
-1241398063267435581,-1.0
-1238695268770574458,-1.0
-1236276159001518537,-1.0
-1227025674928475032,-1.0
-1224226648851550511,-1.0
-1222266838067301453,-1.0
-1215508868126890515,-1.0
-1209394599486856986,-1.0
-1205236473781276202,-1.0
-1203626949173274311,-1.0
-1188029942866632296,-1.0
-1186640760879251917,-1.0
-1177959027878418943,-1.0
-1177862073612555914,-1.0
-1168221288994917375,-1.0
-1166898110457186659,-1.0
-1163977239490941522,-1.0
-1156122285024507424,-1.0
-1155833633290172285,-1.0
-1152021056646235144,-1.0
-1150411049863679716,-1.0
-1142669752817323224,-1.0
-1137016309190202293,-1.0
-1128933268566793100,-1.0
-1124411390008290434,-1.0
-1122242663167699165,-1.0
-1119526587431401516,-1.0
-1117318713833000260,-1.0
-1116044522516025925,-1.0
-1114526236638515561,-1.0
-1108743847226341473,-1.0
-1098442180249474170,-1.0
-1098256585400345031,-1.0
-1094214784015608351,-1.0
-1076755076048445219,-1.0
-1074484994951647821,-1.0
-1070735888585795552,-1.0
-1052299580446947555,-1.0
-1049388728001646525,-1.0
-1048951299837059704,-1.0
-1043694985841076387,-1.0
-1033311455354235845,-1.0
-1027609360999997051,-1.0
-1026794465823563787,-1.0
-1022193075487744282,-1.0
-1016831010457724335,-1.0
-1016266946633986717,-1.0
-1013322614975638690,-1.0
-1009913727062992299,-1.0
-1002455636415553141,-1.0
-1001735751105699317,-1.0
-991957987168227974,-1.0
-981561633476459548,-1.0
-977565834173675636,-1.0
-977548149419265996,-1.0
-972529340231399839,-1.0
-969786725196170598,-1.0
-961621587478224603,-1.0
-961423784679506035,-1.0
-958418814587252580,-1.0
-951624412226797490,-1.0
-940392032468141009,-1.0
-934712659185920193,-1.0
-931378207335761335,-1.0
-921127666071876271,-1.0
-906927427585480792,-1.0
-896160823816959221,-1.0
-861217517460514536,-1.0
-857253211095813096,-1.0
-846558197519259789,-1.0
-843642189416913243,-1.0
-841116710963242803,-1.0
-835795187080219176,-1.0
-827060526424347135,-1.0
-826046606418895480,-1.0
-817142537391470800,-1.0
-809803997362714171,-1.0
-808513674544528129,-1.0
-807663477583691326,-1.0
-807634463017769947,-1.0
-802561668896743679,-1.0
-798867894557226588,-1.0
-798406779910438878,-1.0
-791589686321429084,-1.0
-783067263399561819,-1.0
-780830193039075734,-1.0
-779912733986439084,-1.0
-777498404203362423,-1.0
-774189238475256547,-1.0
-768447674339284999,-1.0
-761058956377656032,-1.0
-754209507673903492,-1.0
-753253991089304261,-1.0
-744054994997625426,-1.0
-737455091672718859,-1.0
-736779584300520772,-1.0
-725626978571701778,-1.0
-717723119918191642,-1.0
-711790060171731502,-1.0
-709036011862378556,-1.0
-706742239308154693,-1.0
-698110462332309412,-1.0
-697495610114810739,-1.0
-695569010815969579,-1.0
-683848382984120622,-1.0
-657072137581477680,-1.0
-655808325973143769,-1.0
-648956268232839640,-1.0
-647525259354583256,-1.0
-647256917243244062,-1.0
-638276184583331334,-1.0
-631381622278693688,-1.0
-627874345205863311,-1.0
-626718921785599058,-1.0
-602204634176515480,-1.0
-592445953920513863,-1.0
-581066814643731755,-1.0
-574042153558945582,-1.0
-565264086907111813,-1.0
-564146645602406408,-1.0
-554040020321367782,-1.0
-552023542804204186,-1.0
-541398946389079158,-1.0
-537259864733503046,-1.0
-531863618325424111,-1.0
-523297070356637319,-1.0
-522291003330931733,-1.0
-514903801205893614,-1.0
-509243959001820603,-1.0
-507411105657349475,-1.0
-496288720056608172,-1.0
-496174598676062076,-1.0
-493745178462958147,-1.0
-488094767359008304,-1.0
-477639684503882671,-1.0
-468440814231621244,-1.0
-467292736604946605,-1.0
-467161864468733375,-1.0
-463035104449914907,-1.0
-460932441717665883,-1.0
-459722128908097090,-1.0
-455509822682688098,-1.0
-454705934303312643,-1.0
-453181497389707435,-1.0
-451809611118588117,-1.0
-444349642179182628,-1.0
-439958591651357936,-1.0
-437777456294402549,-1.0
-435580335611000380,-1.0
-425397784560840069,-1.0
-422375035401399900,-1.0
-419193356092402909,-1.0
-418654685151250642,-1.0
-417404903802335018,-1.0
-411773439727411163,-1.0
-409511898599195808,-1.0
-407794965209198720,-1.0
-407035409761253772,-1.0
-405011396249028306,-1.0
-403026866471262007,-1.0
-402759833251019192,-1.0
-393798162204809474,-1.0
-392716163238771051,-1.0
-389196833397261184,-1.0
-385478482296856207,-1.0
-384910732414742523,-1.0
-380041792043259176,-1.0
-378956939899607858,-1.0
-378431091158949540,-1.0
-375540619056960163,-1.0
-375400122567228994,-1.0
-374825989209594837,-1.0
-364920678801444466,-1.0
-364330774468446211,-1.0
-364027070192609082,-1.0
-360149067709038290,-1.0
-354250251959246528,-1.0
-352207484108844785,-1.0
-330132280495611627,-1.0
-328665055394785833,-1.0
-322237870439222980,-1.0
-318289931048596146,-1.0
-309400438076484344,-1.0
-302951812064030584,-1.0
-291777430004529704,-1.0
-280066238226575873,-1.0
-270317508805546745,-1.0
-264922736089777310,-1.0
-263940597538438476,-1.0
-260441138574876334,-1.0
-260244756182971580,-1.0
-251300522052339459,-1.0
-243027139775339123,-1.0
-239411982736638868,-1.0
-230980991328350631,-1.0
-220243570350584165,-1.0
-211213667744868493,-1.0
-208031677240316433,-1.0
-193210143283434320,-1.0
-190955938455953521,-1.0
-186628612958964738,-1.0
-186168423902172695,-1.0
-185797074979783897,-1.0
-176744656372777646,-1.0
-174959582428111153,-1.0
-171405142478132446,-1.0
-170700841132118468,-1.0
-169736473185452753,-1.0
-157194883948162945,-1.0
-157028255727051780,-1.0
-155663753340948485,-1.0
-148871649430208824,-1.0
-144841528383243772,-1.0
-136370480536852937,-1.0
-132838410597664414,-1.0
-132031049238048636,-1.0
-126537934965456265,-1.0
-126139970615591206,-1.0
-123787173659989586,-1.0
-120380203911145099,-1.0
-112533456272826194,-1.0
-95131968471840750,-1.0
-94929923224188858,-1.0
-89547941031741355,-1.0
-72746318026620992,-1.0
-71946637993270151,-1.0
-56284071936589680,-1.0
-48663274892269701,-1.0
-42362450566025817,-1.0
-41846858189444056,-1.0
-41153246801844576,-1.0
-34600459965797387,-1.0
-29849782833502610,-1.0
-28178076123089693,-1.0
-27709868930719739,-1.0
-27620215448487360,-1.0
-22575129908154343,-1.0
-16095904678778955,-1.0
-14790409292347290,-1.0
-7779216347304747,-1.0
16654570426159414,-1.0
31062184045580729,-1.0
31897649286279786,-1.0
32472815284669104,-1.0
45203774523973479,-1.0
50030918049772830,-1.0
50181263042592490,-1.0
55448185071335933,-1.0
57151140778872932,-1.0
64243019819801294,-1.0
66503296572151641,-1.0
66649772373235375,-1.0
68070625128841446,-1.0
71309620622690940,-1.0
71832594184340860,-1.0
87353626340007624,-1.0
87408623279843387,-1.0
91520961070229727,-1.0
93786021869935342,-1.0
96109496634515906,-1.0
97563355032968424,-1.0
100645844992474550,-1.0
107075490701580026,-1.0
111355955458459039,-1.0
113139887397691858,-1.0
119650356970940572,-1.0
120565541243916499,-1.0
121397185267877499,-1.0
132130722138374019,-1.0
132459083281014704,-1.0
133484403677023744,-1.0
142007091393689828,-1.0
142984959117496544,-1.0
149363838495490431,-1.0
159468267021899093,-1.0
159478940243536264,-1.0
160463851693584161,-1.0
163108909028605225,-1.0
165119165574842852,-1.0
179001919512089346,-1.0
181123263011095838,-1.0
182297137108465072,-1.0
187191209363574422,-1.0
187543004574175685,-1.0
193211122806067855,-1.0
213237836698615196,-1.0
213557705620011731,-1.0
219397919903020917,-1.0
221482925492994536,-1.0
223783397603974740,-1.0
230833680321987378,-1.0
239917062200584149,-1.0
259459979793699921,-1.0
261374570929582149,-1.0
265250920364336028,-1.0
266089064417288227,-1.0
274768046328908000,-1.0
278616074692105862,-1.0
280749700870437972,-1.0
281783799221920238,-1.0
291373130456893244,-1.0
291778285155669545,-1.0
294915968722165951,-1.0
303399840375010747,-1.0
308670490139286024,-1.0
310344834392062680,-1.0
327500002429042269,-1.0
331807953162735998,-1.0
334061924105085969,-1.0
347752129145320466,-1.0
348246363094027856,-1.0
349990251784886766,-1.0
351936378964356928,-1.0
368931696684655063,-1.0
371824838142361122,-1.0
385864207170190671,-1.0
389212627843367810,-1.0
391424002799263297,-1.0
398135482188280783,-1.0
412651928506639439,-1.0
424186164447490807,-1.0
429091988861920414,-1.0
437888005170733824,-1.0
441530993787294707,-1.0
442081211806699093,-1.0
442390024199252687,-1.0
446900283020440654,-1.0
455537271672919395,-1.0
456507407176807022,-1.0
461686540924357691,-1.0
468664888264007263,-1.0
474463982445275058,-1.0
484215683450855782,-1.0
486277910683680503,-1.0
487487486132595340,-1.0
490296149973507829,-1.0
490694465827965744,-1.0
492531049633728544,-1.0
500333685614548689,-1.0
515506310610549874,-1.0
515616121984325504,-1.0
516007439033547024,-1.0
518906961327573473,-1.0
521863019708978000,-1.0
546738797571026816,-1.0
556378200304730407,-1.0
565611843860450048,-1.0
573754484419748157,-1.0
576946726590109201,-1.0
577996828899479872,-1.0
595834851294620226,-1.0
598429499428369453,-1.0
606356718640738041,-1.0
613532383231710587,-1.0
614585809974703901,-1.0
617073639996406625,-1.0
617890521519961379,-1.0
621992250825066160,-1.0
630380415862960646,-1.0
633394229995949721,-1.0
637120348241900817,-1.0
641462204554417514,-1.0
642258153357326073,-1.0
679496613164012118,-1.0
682025695843831567,-1.0
682476846157691897,-1.0
685984257095177705,-1.0
686446588366247387,-1.0
694144126800228303,-1.0
696151795094821207,-1.0
696490848631793831,-1.0
701381383596290608,-1.0
711316853737357200,-1.0
711410331408192678,-1.0
711610887808278984,-1.0
712354280758625437,-1.0
725265319932907109,-1.0
725549591374480052,-1.0
729499378728406628,-1.0
729586794965687692,-1.0
733850115336995197,-1.0
735127901788805613,-1.0
739294732196020296,-1.0
742041770607345933,-1.0
742041967100572522,-1.0
742816253773594469,-1.0
744376930866211008,-1.0
750643564149221762,-1.0
750778946000232165,-1.0
751257663703485773,-1.0
752498578541323580,-1.0
758130741108338675,-1.0
769654668319953787,-1.0
776177500007700940,-1.0
780210562789245608,-1.0
784573565852982300,-1.0
786317530129274464,-1.0
790249864210677249,-1.0
804135521716573830,-1.0
817746024955749466,-1.0
821646506187436273,-1.0
824328079223591128,-1.0
827363409952331639,-1.0
829898837798327177,-1.0
831571451325879159,-1.0
832495414514224274,-1.0
833966987450761855,-1.0
836283519109857153,-1.0
836987041071454772,-1.0
843208705072350643,-1.0
848862339181863979,-1.0
849174205690690131,-1.0
853426740573807365,-1.0
867063697111655023,-1.0
874391252832829024,-1.0
883638298899170580,-1.0
894195566072862811,-1.0
898407024234077846,-1.0
900211803633089493,-1.0
901393315971563851,-1.0
903708058255499203,-1.0
903976411521986114,-1.0
906070683619117652,-1.0
920135077150903867,-1.0
929083937764622959,-1.0
935208669531743536,-1.0
938016779968175332,-1.0
940394162845830141,-1.0
948601898190306992,-1.0
951267221171053070,-1.0
953537721086772702,-1.0
968001673611878385,-1.0
970848077157446510,-1.0
978305890050122776,-1.0
979639072105400448,-1.0
983310189350919680,-1.0
985760083617891174,-1.0
986852611738166379,-1.0
992884874881446716,-1.0
993455163465694505,-1.0
994563749732480904,-1.0
999578328169557411,-1.0
1000077131097589417,-1.0
1001865237610923333,-1.0
1005398805159965368,-1.0
1018564054039824829,-1.0
1020575026155327699,-1.0
1022962689849591790,-1.0
1031416514198415476,-1.0
1038592750429617414,-1.0
1039276210607291857,-1.0
1047447243326949789,-1.0
1049464075145895197,-1.0
1058852370093766350,-1.0
1062017043502990153,-1.0
1065062836240985973,-1.0
1072496215668913280,-1.0
1076399817119046243,-1.0
1080500555107735309,-1.0
1086003312186182610,-1.0
1090370633556372920,-1.0
1107108884565827912,-1.0
1117582231134536870,-1.0
1119896895095601127,-1.0
1120548765682020934,-1.0
1120551530240371861,-1.0
1121634555778068217,-1.0
1127749018283538347,-1.0
1130888844234646385,-1.0
1134713626298874419,-1.0
1135115485699445537,-1.0
1136469284036716120,-1.0
1137720776877485714,-1.0
1142461897364724855,-1.0
1143916729164753595,-1.0
1153889104950600985,-1.0
1161294113771560238,-1.0
1163241652025163363,-1.0
1164241788090478682,-1.0
1167459037554725815,-1.0
1171977039241613602,-1.0
1172972026122277702,-1.0
1175982116709754708,-1.0
1178401277451987837,-1.0
1195097629071478434,-1.0
1197119312381604161,-1.0
1210415509360534015,-1.0
1211351402332179436,-1.0
1219951088837263869,-1.0
1224908190708345301,-1.0
1230034270948004094,-1.0
1230220123365763523,-1.0
1243177691542370356,-1.0
1245395747586131574,-1.0
1251481849748361497,-1.0
1265133310026922038,-1.0
1267340827441230943,-1.0
1269840588918255469,-1.0
1275162743452474454,-1.0
1276625658600072605,-1.0
1281409862515138578,-1.0
1288026218228035653,-1.0
1296251089713260465,-1.0
1299574676989315264,-1.0
1303950233332050622,-1.0
1307626711351663956,-1.0
1309517994923334634,-1.0
1310620675473839342,-1.0
1318150509921601581,-1.0
1319312171748169243,-1.0
1320303513815709660,-1.0
1322730552549638169,-1.0
1326450164918249429,-1.0
1327732279589600001,-1.0
1332727087823595274,-1.0
1333531586898942375,-1.0
1335426866825595433,-1.0
1348948531249663100,-1.0
1354836851214433340,-1.0
1356750231983497077,-1.0
1361525243708576116,-1.0
1365086554457091350,-1.0
1366022219216101937,-1.0
1367165672057100923,-1.0
1371672766905095994,-1.0
1373151971730025239,-1.0
1377007086852701436,-1.0
1378742597911334715,-1.0
1381197899068067081,-1.0
1382968106961201191,-1.0
1383283025854602194,-1.0
1383714851422788270,-1.0
1392475208351736862,-1.0
1402995498418176074,-1.0
1403215056797443586,-1.0
1408641619932491921,-1.0
1414706617833490532,-1.0
1423350006576768063,-1.0
1426438586108514228,-1.0
1435235663336995532,-1.0
1437686694254574011,-1.0
1438468491071474669,-1.0
1438999255871956371,-1.0
1454693953868743305,-1.0
1456316092308813265,-1.0
1459040222316109780,-1.0
1467321821746550684,-1.0
1486155020521249625,-1.0
1488139957085122886,-1.0
1490960809086783173,-1.0
1492561094785064459,-1.0
1502036739317432629,-1.0
1513198960982039605,-1.0
1515059803060523946,-1.0
1515849012443527255,-1.0
1517495201439409936,-1.0
1551504007423957142,-1.0
1553298009588544270,-1.0
1554894136607814525,-1.0
1568706396647387903,-1.0
1570458840151410238,-1.0
1572304889816843108,-1.0
1572521846427779922,-1.0
1572536590250966459,-1.0
1572596174289442070,-1.0
1573503305356298245,-1.0
1576802392716632180,-1.0
1578462560716017120,-1.0
1578665635200668886,-1.0
1584818848705650349,-1.0
1596714005195275283,-1.0
1604744122755869007,-1.0
1609223006674047690,-1.0
1619442514397114904,-1.0
1619492989114435418,-1.0
1623985175065547577,-1.0
1625897554191251405,-1.0
1636557626585803647,-1.0
1637071541194459135,-1.0
1650334237462859203,-1.0
1651465638713848399,-1.0
1651522898992007434,-1.0
1654326912584407749,-1.0
1656387876964558996,-1.0
1660265568539754880,-1.0
1660665483189610082,-1.0
1661708596100025256,-1.0
1664373963380740323,-1.0
1683160876613877356,-1.0
1687306668472915763,-1.0
1687827178346279768,-1.0
1691438987451236965,-1.0
1696709447577616898,-1.0
1701738860727904916,-1.0
1701760862535123875,-1.0
1709873483554255165,-1.0
1712929896545021265,-1.0
1712976961456598613,-1.0
1714491853530239996,-1.0
1729393744782330811,-1.0
1741577513226505592,-1.0
1743437309162050542,-1.0
1745892132796239370,-1.0
1749030075248812781,-1.0
1750073363661160001,-1.0
1752331993456446764,-1.0
1755732157166683256,-1.0
1763930556449333247,-1.0
1765995797865039623,-1.0
1776140659458250694,-1.0
1776467289597632245,-1.0
1778101690478566813,-1.0
1778784690373232544,-1.0
1779244053598308404,-1.0
1782048379235579913,-1.0
1783417665893531453,-1.0
1783598147384371267,-1.0
1786747867353240525,-1.0
1791001353576208155,-1.0
1802536259248625369,-1.0
1805464497672757782,-1.0
1808001087765738820,-1.0
1808075926687222417,-1.0
1813284116293339701,-1.0
1814469519686793576,-1.0
1822759766866505704,-1.0
1825488783869917355,-1.0
1830400235689149286,-1.0
1831452712692837480,-1.0
1833311973811368791,-1.0
1836968702142680404,-1.0
1839108370594328132,-1.0
1847721194091324920,-1.0
1856071609484528753,-1.0
1862946542713790425,-1.0
1870422584516822048,-1.0
1871113891534512708,-1.0
1871983707533554584,-1.0
1874415382421213733,-1.0
1877763365628208313,-1.0
1877986975185368997,-1.0
1897473228729989890,-1.0
1902997530826783600,-1.0
1908099621251669822,-1.0
1908177957092612867,-1.0
1911907395948736985,-1.0
1915164484340684081,-1.0
1922535185946995087,-1.0
1925450240664823840,-1.0
1930359312600690776,-1.0
1930634111985821176,-1.0
1935148264116233441,-1.0
1952437498557033296,-1.0
1959306383513960102,-1.0
1966596866267570695,-1.0
1978365759797067287,-1.0
1981688437854040357,-1.0
1984392984848444012,-1.0
1986463024201110843,-1.0
1988098014445765925,-1.0
1988494675856369765,-1.0
1993470250494630236,-1.0
1997199111866181888,-1.0
1998081674501869837,-1.0
2002368585319693066,-1.0
2010932947542577971,-1.0
2012371645441124782,-1.0
2018991420789089892,-1.0
2031520940666606637,-1.0
2033425738691820795,-1.0
2034929277048632380,-1.0
2039351604410122023,-1.0
2040691842363325986,-1.0
2044577786945419211,-1.0
2045806173390663973,-1.0
2047364014123830581,-1.0
2052217577467767689,-1.0
2053259473673195804,-1.0
2066797385516006218,-1.0
2080658202233614462,-1.0
2092178188741329899,-1.0
2093251691520322747,-1.0
2104326788646824004,-1.0
2108812004705642469,-1.0
2110849062037263701,-1.0
2117942085265255203,-1.0
2123274840431601290,-1.0
2124527926333380412,-1.0
2128762189725250375,-1.0
2134624123722062485,-1.0
2135427064366866626,-1.0
2136158732179909684,-1.0
2138997189002612335,-1.0
2140868842555039087,-1.0
2149871063585237681,-1.0
2150177950952257217,-1.0
2152316495214075387,-1.0
2157286328802201673,-1.0
2157361450256951785,-1.0
2159175170409706723,-1.0
2170249867560891214,-1.0
2170675540158666558,-1.0
2178556813022506567,-1.0
2181804589920973150,-1.0
2183156117492912565,-1.0
2187236558665325803,-1.0
2189037646862017505,-1.0
2189875849878663892,-1.0
2191051689274073044,-1.0
2191390420869128989,-1.0
2195846224879262990,-1.0
2197097015161103791,-1.0
2210754107912870533,-1.0
2213767306512468555,-1.0
2216702290139527436,-1.0
2225331605394760610,-1.0
2240611024275391501,-1.0
2243254385155694369,-1.0
2244630851127598286,-1.0
2249574433449890245,-1.0
2250455819882803606,-1.0
2252415772378279752,-1.0
2252911150134102335,-1.0
2265875348662524072,-1.0
2269688002729179229,-1.0
2271074052492449513,-1.0
2273022944302350839,-1.0
2273387739514583247,-1.0
2273969956242333240,-1.0
2275113494571542220,-1.0
2275692111875743849,-1.0
2283926662677082113,-1.0
2297440754110594166,-1.0
2297475494790200106,-1.0
2303286159277489322,-1.0
2314337657842707480,-1.0
2314799442316007251,-1.0
2316376077066236437,-1.0
2323491295551074930,-1.0
2325558996872822240,-1.0
2331344054241262535,-1.0
2331678241031146039,-1.0
2342022713412270685,-1.0
2349048333558808558,-1.0
2357042024066766681,-1.0
2363997305565899164,-1.0
2367429251194284899,-1.0
2369524264562521355,-1.0
2373244460841963238,-1.0
2378889802905580899,-1.0
2381507127738179548,-1.0
2392927322129810851,-1.0
2396343324247896288,-1.0
2401170976158945765,-1.0
2405487073286426514,-1.0
2410610093199561881,-1.0
2414265944876025466,-1.0
2420614347673122175,-1.0
2426663771931875686,-1.0
2427487065484371212,-1.0
2430571273028945335,-1.0
2434588147789894811,-1.0
2438419931966339602,-1.0
2442120450714235191,-1.0
2447039321847130122,-1.0
2448622728489359151,-1.0
2454139758451916812,-1.0
2457911268635303388,-1.0
2460882761226940985,-1.0
2469128025000492778,-1.0
2472338594974904359,-1.0
2474911420682125527,-1.0
2484222099989820011,-1.0
2494775796179956636,-1.0
2497123536377084444,-1.0
2505014868953025234,-1.0
2512666208414549642,-1.0
2514783692895037608,-1.0
2515703637915251793,-1.0
2517374224789951889,-1.0
2527076848920568392,-1.0
2527147561937132544,-1.0
2535266510193938410,-1.0
2549835229887997681,-1.0
2558924534505323948,-1.0
2561122387317300702,-1.0
2567156859176518088,-1.0
2580271409561894571,-1.0
2582290000732444835,-1.0
2582824636848185745,-1.0
2586919732454014189,-1.0
2605042092810685219,-1.0
2610998515319574987,-1.0
2618352404937190607,-1.0
2623187387985232215,-1.0
2623809233475481552,-1.0
2630335541433728234,-1.0
2631091878784673295,-1.0
2633880932100542208,-1.0
2636406830907959938,-1.0
2643081690907579928,-1.0
2648349508473274079,-1.0
2650861040160359828,-1.0
2657074969146039974,-1.0
2668430708149265709,-1.0
2671243183686710842,-1.0
2677743045712469284,-1.0
2685425820163362007,-1.0
2688494249772920198,-1.0
2689322335145334186,-1.0
2691385168423151536,-1.0
2706768803283543468,-1.0
2707652928685375014,-1.0
2709267773464849295,-1.0
2713126345057966282,-1.0
2726924308843587485,-1.0
2730313396751437493,-1.0
2734968758327234809,-1.0
2741967785274117962,-1.0
2742460051790381039,-1.0
2747648256421803361,-1.0
2747912121712641386,-1.0
2752743573021112521,-1.0
2757994320102776829,-1.0
2760106447808375714,-1.0
2765513880005951763,-1.0
2767682021988659052,-1.0
2771680126638961381,-1.0
2774917506261421097,-1.0
2775529491090300142,-1.0
2778461910174378679,-1.0
2780133776869583119,-1.0
2781069966411916026,-1.0
2785377455105006532,-1.0
2794401365786327685,-1.0
2794915816801324151,-1.0
2805796672280499201,-1.0
2807493845542152905,-1.0
2818264818986153817,-1.0
2819292600902256555,-1.0
2829985083146647864,-1.0
2831504276377496984,-1.0
2833563127273462859,-1.0
2833624338828512194,-1.0
2834588084837011474,-1.0
2849054142012690469,-1.0
2852978846103992708,-1.0
2855607117674903280,-1.0
2858287657921417818,-1.0
2858362627265484256,-1.0
2865225930920012405,-1.0
2868269591051186692,-1.0
2872251846481865953,-1.0
2873412672416223986,-1.0
2873673241460911497,-1.0
2876828975921828372,-1.0
2879049948965701536,-1.0
2882774313644483373,-1.0
2884294712458328394,-1.0
2888168008291083985,-1.0
2889047939827984803,-1.0
2893194170973043437,-1.0
2901589665237202891,-1.0
2902058463169971777,-1.0
2904265239243218659,-1.0
2906332988975225558,-1.0
2906822310128433790,-1.0
2910264314308179834,-1.0
2912162802094052194,-1.0
2914180221953013286,-1.0
2914282402367202828,-1.0
2916701967319039819,-1.0
2918725616981352008,-1.0
2919620504075576905,-1.0
2930920330805159593,-1.0
2931692695838388765,-1.0
2932560681450422828,-1.0
2947912798964824780,-1.0
2955769769817494739,-1.0
2960726087411671993,-1.0
2962739248347289303,-1.0
2965326832571124238,-1.0
2970195318828422116,-1.0
2973418151071547557,-1.0
2976722645803213316,-1.0
2977847371195509508,-1.0
2986333285065936664,-1.0
2988185942520183858,-1.0
2993066264125871173,-1.0
2996059152517531281,-1.0
3002323675124080607,-1.0
3003878394931390870,-1.0
3003909949111719868,-1.0
3009282022579458702,-1.0
3012541588764444204,-1.0
3015686620279665150,-1.0
3023640447783000937,-1.0
3034008679669765506,-1.0
3043947348562616179,-1.0
3044177033879296462,-1.0
3045029079273816168,-1.0
3055022927004044004,-1.0
3062037194796101090,-1.0
3063646505829383692,-1.0
3065087255687414305,-1.0
3069834277528625133,-1.0
3070195016232956773,-1.0
3072161309228011209,-1.0
3077499593880721960,-1.0
3081788142899521414,-1.0
3084575664744715482,-1.0
3089273440536162288,-1.0
3089921376388392024,-1.0
3092576455967081700,-1.0
3094638725207392505,-1.0
3103426854181697499,-1.0
3107278287579204558,-1.0
3109157272056789462,-1.0
3124624971970565316,-1.0
3129282315223172473,-1.0
3135438672734557899,-1.0
3137499102329591470,-1.0
3137840499476881552,-1.0
3142218083431982550,-1.0
3143248455068085908,-1.0
3144405405835642627,-1.0
3146295536973539115,-1.0
3149739776456855476,-1.0
3153066920281211674,-1.0
3156122924253662083,-1.0
3160635932922446948,-1.0
3168909393892121268,-1.0
3171461427024588597,-1.0
3173312738372138156,-1.0
3173470148338322870,-1.0
3175637065958208477,-1.0
3175669049414991440,-1.0
3176004407810193913,-1.0
3189585495664055437,-1.0
3193506055007879673,-1.0
3201210551791881860,-1.0
3205115238739588547,-1.0
3210857072202212189,-1.0
3227871850661712348,-1.0
3234775925114057525,-1.0
3236659143692691612,-1.0
3244643153364485524,-1.0
3245441900977116782,-1.0
3246427834563056586,-1.0
3248391961387987993,-1.0
3249810626876552539,-1.0
3252550679584375569,-1.0
3261213814851378272,-1.0
3264961628657280110,-1.0
3265150360696259638,-1.0
3266446243817622019,-1.0
3268732363314079413,-1.0
3279558967845062111,-1.0
3283224397083948024,-1.0
3285414629935937295,-1.0
3288161768282294241,-1.0
3288665233253249435,-1.0
3299878440627471086,-1.0
3305161820492537928,-1.0
3310095523795794983,-1.0
3311346044635770264,-1.0
3318317313137079413,-1.0
3322225597065963776,-1.0
3325284315120960916,-1.0
3328972349195126894,-1.0
3330049454522697604,-1.0
3335500076545941128,-1.0
3339391246341372749,-1.0
3346389740586806395,-1.0
3357618187052575546,-1.0
3359699054890117700,-1.0
3370138350496094476,-1.0
3375740920164076993,-1.0
3376820508412086740,-1.0
3380910345224994927,-1.0
3383388442409985761,-1.0
3384494447295140836,-1.0
3388050801450108685,-1.0
3392147707388368805,-1.0
3397648460263459581,-1.0
3403850968061699733,-1.0
3406134941695288017,-1.0
3408525029612476932,-1.0
3411146111505042006,-1.0
3412893684738097536,-1.0
3421870808100562147,-1.0
3433505167118324360,-1.0
3436647156993532377,-1.0
3437330730821910684,-1.0
3438662500114189873,-1.0
3439836439426054246,-1.0
3445075832845027136,-1.0
3445671725798113808,-1.0
3455143336455632856,-1.0
3456516483569586063,-1.0
3466723252949481224,-1.0
3471489015143118672,-1.0
3476331126509418250,-1.0
3479259705042931772,-1.0
3483016693746919903,-1.0
3484126454166352458,-1.0
3491837124351914491,-1.0
3496024265253541427,-1.0
3496117236894794461,-1.0
3513334760236301768,-1.0
3515352781352340735,-1.0
3519943461800295037,-1.0
3533845840388678100,-1.0
3533937657310331329,-1.0
3537425903019769173,-1.0
3538423449823622878,-1.0
3538982717000136140,-1.0
3539271092910061561,-1.0
3540234420039906970,-1.0
3545484521766575988,-1.0
3547041457334204462,-1.0
3552699815707621453,-1.0
3563255222672503352,-1.0
3573819595730681321,-1.0
3578589735239826648,-1.0
3579457485841796461,-1.0
3580251853791358543,-1.0
3585418537064597118,-1.0
3586734290811566975,-1.0
3591932275156277203,-1.0
3592255985122781300,-1.0
3592763027004478870,-1.0
3593718235123610783,-1.0
3601946881628001631,-1.0
3610992974276313137,-1.0
3614783210401319724,-1.0
3618497436386656156,-1.0
3618936558586841699,-1.0
3620886886511762573,-1.0
3624570903272448308,-1.0
3626537976080050749,-1.0
3627434122262431607,-1.0
3630141806962599365,-1.0
3642797849748897769,-1.0
3649562549263927146,-1.0
3649848955502710576,-1.0
3663928729072819139,-1.0
3665165506413878844,-1.0
3674608229343341433,-1.0
3676910759507020090,-1.0
3677641297637853485,-1.0
3679615104199691605,-1.0
3680700986576659087,-1.0
3682253867797226509,-1.0
3683083101083123594,-1.0
3683760529254904338,-1.0
3688554255252758179,-1.0
3694207941930462994,-1.0
3694726308012002869,-1.0
3702233067990525791,-1.0
3707247552509799931,-1.0
3710538028893352238,-1.0
3716337893449719330,-1.0
3719334706977929076,-1.0
3719980161348035641,-1.0
3722437679133919942,-1.0
3723027431545992577,-1.0
3724515142426882210,-1.0
3729187728346233923,-1.0
3729826550795528998,-1.0
3733207924065978073,-1.0
3738546885104855825,-1.0
3739725239321199302,-1.0
3742878083290969174,-1.0
3742922838394679269,-1.0
3747495213483348253,-1.0
3751310408542049544,-1.0
3751880921231054258,-1.0
3753933734764404961,-1.0
3756119226411088754,-1.0
3765831536908238830,-1.0
3776719688558244835,-1.0
3780435296412201736,-1.0
3782070791255299922,-1.0
3787539863470184191,-1.0
3793619867476584883,-1.0
3795287933164077485,-1.0
3804177518824013113,-1.0
3806777978462407873,-1.0
3814387727761669301,-1.0
3815780767863315042,-1.0
3818648802705335342,-1.0
3820270740754582914,-1.0
3825270937229987950,-1.0
3830818100755826143,-1.0
3833311371794937569,-1.0
3835770512835396082,-1.0
3837850472154554689,-1.0
3840578978336405324,-1.0
3844828682566772149,-1.0
3848458869548456979,-1.0
3849514302625170538,-1.0
3857315996528906986,-1.0
3858161678974109421,-1.0
3860853196918103080,-1.0
3861817419397272052,-1.0
3863563534697737582,-1.0
3866173462957223741,-1.0
3868920322341559005,-1.0
3873342507335015333,-1.0
3876503498900694125,-1.0
3880956255347141731,-1.0
3881192981962626027,-1.0
3884000102301240020,-1.0
3884966922762719944,-1.0
3885655446586867643,-1.0
3890516049902426128,-1.0
3893043078160174827,-1.0
3897878105265314942,-1.0
3901301861990614250,-1.0
3904267544526335328,-1.0
3905322330088383511,-1.0
3908650819915568021,-1.0
3912885067979921968,-1.0
3944108000268406085,-1.0
3945018467274679186,-1.0
3945118548952112188,-1.0
3947881826184422946,-1.0
3949560408629868560,-1.0
3953844922311858367,-1.0
3958682648831078107,-1.0
3963966806628854562,-1.0
3972104989264825735,-1.0
3980105180412200126,-1.0
3980336317827977985,-1.0
3983448540096113074,-1.0
3985343724856307541,-1.0
3988453714239789499,-1.0
4027728977174675026,-1.0
4036187698168754720,-1.0
4037799581023353558,-1.0
4046955370809756476,-1.0
4050844530343372269,-1.0
4053004391009627893,-1.0
4056436017351361461,-1.0
4056603824114703076,-1.0
4067624709350229020,-1.0
4069845348154747462,-1.0
4070963847720616975,-1.0
4073782625158723790,-1.0
4080452397193111989,-1.0
4087109320616083484,-1.0
4096912379889047417,-1.0
4103031287036559264,-1.0
4113146508330107161,-1.0
4131412645889199272,-1.0
4132513727992395993,-1.0
4148074374884833999,-1.0
4152491799990910359,-1.0
4159815249828181341,-1.0
4167777774557552042,-1.0
4187272802498838605,-1.0
4191084272233737769,-1.0
4194207156525992993,-1.0
4210024852572057791,-1.0
4222077390633522546,-1.0
4226533456529424185,-1.0
4228334194936089628,-1.0
4228592897792397724,-1.0
4230586216711899632,-1.0
4232504756204568254,-1.0
4232600581911051894,-1.0
4242400782487960408,-1.0
4243555241355873326,-1.0
4247874542740771707,-1.0
4248280433855053773,-1.0
4251218031410593388,-1.0
4252126507676252854,-1.0
4257468982102391423,-1.0
4260316570872803217,-1.0
4262503361322431595,-1.0
4263511009210469774,-1.0
4266312768118903458,-1.0
4267142205127947481,-1.0
4270207325102669961,-1.0
4275031655877083799,-1.0
4275639530553909280,-1.0
4282080790892594707,-1.0
4287566272794925443,-1.0
4294971625185505081,-1.0
4317333085783787630,-1.0
4327301729188071072,-1.0
4335560137765732548,-1.0
4337544907048954659,-1.0
4338429460691661311,-1.0
4338711571559472008,-1.0
4344649941219871516,-1.0
4349357332412013593,-1.0
4350975528509911041,-1.0
4358819834339338295,-1.0
4363634279922869775,-1.0
4363743695228480457,-1.0
4367985836920510645,-1.0
4373945024579588503,-1.0
4374629113524578117,-1.0
4379602568020068766,-1.0
4392688390840624792,-1.0
4403271787080074262,-1.0
4403756379965942903,-1.0
4411744594503504094,-1.0
4419849925544660985,-1.0
4421360599384165140,-1.0
4425128965514211014,-1.0
4432963513759917397,-1.0
4457348974990125705,-1.0
4474560545907979144,-1.0
4485039369169343468,-1.0
4487616203236510579,-1.0
4491708289105931757,-1.0
4499658276510218367,-1.0
4500332690039898600,-1.0
4506368489449236736,-1.0
4517660994541217521,-1.0
4520112986332130794,-1.0
4520866843240035800,-1.0
4529004648174408605,-1.0
4531787268834647171,-1.0
4533760637896418855,-1.0
4543464180722380266,-1.0
4546309744303897376,-1.0
4564886345913521205,-1.0
4565450041538277051,-1.0
4571558184900021967,-1.0
4576411980227547334,-1.0
4577008815874601663,-1.0
4578773631806279655,-1.0
4579441933782425988,-1.0
4579443690484893316,-1.0
4587567388416743538,-1.0
4589005217508159437,-1.0
4590636384356382993,-1.0
4594155840834690955,-1.0
4598127771107564252,-1.0
4601855163341284273,-1.0
4607646222026544858,-1.0
4616613134971495966,-1.0
4617068311053307473,-1.0
4623854594694986472,-1.0
4629334688131866459,-1.0
4632807661017857275,-1.0
4641240282598628104,-1.0
4642162240413078767,-1.0
4647301536833220492,-1.0
4648954436445959124,-1.0
4651675003845011243,-1.0
4652526329055350129,-1.0
4655828431797177463,-1.0
4656824086774850884,-1.0
4683364067600426044,-1.0
4684886441469575628,-1.0
4691226825738726311,-1.0
4700745483454724451,-1.0
4702178408024851234,-1.0
4708939644638555120,-1.0
4711466970524349861,-1.0
4723728254294424960,-1.0
4726327753097847040,-1.0
4726509067730148548,-1.0
4742690188660403895,-1.0
4745920599458595242,-1.0
4750728299138132246,-1.0
4750877681308693435,-1.0
4755851867119676218,-1.0
4756712695263531503,-1.0
4767036302445173073,-1.0
4768577441327932080,-1.0
4775225997015690762,-1.0
4777534693016211112,-1.0
4781658211154006354,-1.0
4784407065587145282,-1.0
4786052067531890240,-1.0
4787144565395942650,-1.0
4789676386266482475,-1.0
4793197395116912603,-1.0
4795669921755960190,-1.0
4797444163821602494,-1.0
4801059140825499056,-1.0
4802265362607385389,-1.0
4802301595856119469,-1.0
4808550453039677141,-1.0
4819261537723407764,-1.0
4821383629106366704,-1.0
4822831994031180693,-1.0
4824188255548382504,-1.0
4824372916624614058,-1.0
4826541957756873912,-1.0
4827792392094784683,-1.0
4833322779551940797,-1.0
4847545587391832673,-1.0
4858214246866558142,-1.0
4858305495872905234,-1.0
4858454483733499927,-1.0
4858685206364799537,-1.0
4859498816077777518,-1.0
4860766387926242573,-1.0
4861000239306087056,-1.0
4877681338027364606,-1.0
4878989157714371013,-1.0
4884640539461423870,-1.0
4885636270724102593,-1.0
4896344635248828770,-1.0
4907674105713344556,-1.0
4907799526526688873,-1.0
4908652113108867935,-1.0
4921569210254862250,-1.0
4929731243362567134,-1.0
4930987495480716113,-1.0
4933350527286527413,-1.0
4938526814499515125,-1.0
4939391310502250551,-1.0
4941220053954038827,-1.0
4955602958927550174,-1.0
4961690653216634813,-1.0
4964401790904220426,-1.0
4979287749206724133,-1.0
4979911706331783053,-1.0
4981172447684525084,-1.0
4981961989970337889,-1.0
4990900518998161612,-1.0
5004259904715593238,-1.0
5005206518907562126,-1.0
5023545005899182345,-1.0
5027193781757423226,-1.0
5027447176460105874,-1.0
5028037796264585898,-1.0
5030550330580491419,-1.0
5032961532557788897,-1.0
5035023726869342401,-1.0
5043484399945575630,-1.0
5048188522966705677,-1.0
5048977448119815492,-1.0
5050146004305888655,-1.0
5050894823846666359,-1.0
5051740938373071787,-1.0
5059173976715276256,-1.0
5062607548806462491,-1.0
5064411453284296664,-1.0
5066037133541769840,-1.0
5073055342336976191,-1.0
5079645268086930724,-1.0
5083130494255391623,-1.0
5093472520734029234,-1.0
5093601771383509602,-1.0
5093672601212322207,-1.0
5097317657696309765,-1.0
5105835110176584638,-1.0
5107607339583944894,-1.0
5114309415541681369,-1.0
5115699988729073229,-1.0
5119947691298589045,-1.0
5122726081330768720,-1.0
5133716815297956417,-1.0
5136870582281276674,-1.0
5141996477296822851,-1.0
5152572192838909333,-1.0
5153279278571533627,-1.0
5155390890625963580,-1.0
5157647433465769371,-1.0
5163316790677682599,-1.0
5166195051788009858,-1.0
5171464273098861492,-1.0
5184580027989326805,-1.0
5185069670176095830,-1.0
5193649916471377336,-1.0
5193895853941055747,-1.0
5194250165310333099,-1.0
5208237502301439821,-1.0
5209688228205158640,-1.0
5210568001641686824,-1.0
5212936959430979307,-1.0
5221518916544755635,-1.0
5225068877428925750,-1.0
5227589479119312433,-1.0
5229989789871045480,-1.0
5235321234347410496,-1.0
5241567403873765693,-1.0
5243179910441965195,-1.0
5253865436418215882,-1.0
5257228706936935542,-1.0
5257536519676405603,-1.0
5259459356483154346,-1.0
5263606508756747428,-1.0
5267317098722174174,-1.0
5270398634886505394,-1.0
5271292818595674266,-1.0
5271744628136143799,-1.0
5275007976756745446,-1.0
5276028621792627615,-1.0
5276434127104404705,-1.0
5282968467665301920,-1.0
5296002961711113110,-1.0
5302394869003386977,-1.0
5304857583225476837,-1.0
5309464815561150564,-1.0
5316074555602078079,-1.0
5319051051504460522,-1.0
5321784049344101785,-1.0
5328901119374871608,-1.0
5332916085365960184,-1.0
5338275981962662461,-1.0
5339534584261680088,-1.0
5341248875130536444,-1.0
5348474587942552041,-1.0
5349764195659773594,-1.0
5349986459493219452,-1.0
5352822945434332204,-1.0
5356008294075523808,-1.0
5360461909511025643,-1.0
5363864249741286938,-1.0
5370824180411552183,-1.0
5371071272903524775,-1.0
5378018466645121458,-1.0
5382321074822201829,-1.0
5391016310243335092,-1.0
5394006807096895509,-1.0
5402338116143808925,-1.0
5408632398440195150,-1.0
5409994109897570040,-1.0
5412097063076585181,-1.0
5414793896981129480,-1.0
5415401948639953768,-1.0
5415541470271020480,-1.0
5422335789554445569,-1.0
5441634248687008897,-1.0
5447526499534103269,-1.0
5459906142849979612,-1.0
5477971351845297998,-1.0
5483866332759396784,-1.0
5486728478109690961,-1.0
5489018806329370499,-1.0
5489233328298800405,-1.0
5490841004227537383,-1.0
5495550378487097209,-1.0
5503747947121658036,-1.0
5509221856577162759,-1.0
5510629234087979273,-1.0
5512166493003022806,-1.0
5512297939957739143,-1.0
5519642026493308971,-1.0
5520846990940620256,-1.0
5521966783624607087,-1.0
5525324810592105080,-1.0
5546424075029774316,-1.0
5555464605022746875,-1.0
5558977242685744571,-1.0
5562637936002032350,-1.0
5566225884175953849,-1.0
5575180148383322692,-1.0
5578186451068915433,-1.0
5584302946983267662,-1.0
5584999723806809222,-1.0
5588887072277982230,-1.0
5595549178634254076,-1.0
5600657392881571703,-1.0
5601738320583246660,-1.0
5606047873052681244,-1.0
5607015098134257957,-1.0
5609742955922138227,-1.0
5611942943560541131,-1.0
5625599077190713011,-1.0
5627186320321405165,-1.0
5627425481148199490,-1.0
5630527122093943277,-1.0
5637834292556153546,-1.0
5646963347825684446,-1.0
5659166466030382721,-1.0
5672331779011349485,-1.0
5675405990453992663,-1.0
5681443234530207531,-1.0
5683206989316185557,-1.0
5684651075930720369,-1.0
5685547029715111909,-1.0
5686051814262072047,-1.0
5686989789796325824,-1.0
5707458096628564710,-1.0
5712226176689990015,-1.0
5713290395812604520,-1.0
5715739908800284068,-1.0
5716141789868064684,-1.0
5719646964667722475,-1.0
5723556710614410475,-1.0
5725741847172859920,-1.0
5727480675642904201,-1.0
5735944110737008569,-1.0
5737826467964133796,-1.0
5740022088219396467,-1.0
5741320413659488693,-1.0
5749662943420339254,-1.0
5750622909260466583,-1.0
5754561400948676157,-1.0
5762997104054436171,-1.0
5763708251260190868,-1.0
5764218299355867947,-1.0
5764680703709221794,-1.0
5766636914387520769,-1.0
5767152785924826407,-1.0
5767566448414913621,-1.0
5768434413988653225,-1.0
5777245699375938072,-1.0
5780704181286707932,-1.0
5781352710704064294,-1.0
5785633415309085364,-1.0
5796897309322988821,-1.0
5799266541987673293,-1.0
5799692726398613428,-1.0
5813121363055035918,-1.0
5814072889026315043,-1.0
5817723844928234923,-1.0
5822535121998695272,-1.0
5824664098520074544,-1.0
5824763599698007809,-1.0
5825680445757688179,-1.0
5831471924120669514,-1.0
5833020265504261274,-1.0
5833427504344930811,-1.0
5834937940358717455,-1.0
5836534510724235653,-1.0
5863836237616316620,-1.0
5869088495975942754,-1.0
5878319760029490465,-1.0
5886742505100680843,-1.0
5902642932904952351,-1.0
5912819754487071236,-1.0
5915317264275758290,-1.0
5915551236261828492,-1.0
5918013583485854728,-1.0
5932313078043479201,-1.0
5935220835533873011,-1.0
5935327539224373054,-1.0
5948905963885193395,-1.0
5954071610239532492,-1.0
5959453168130367778,-1.0
5963492408373035469,-1.0
5971100246032602997,-1.0
5974123706900400762,-1.0
5977744216998833983,-1.0
5979659297672667393,-1.0
5985231646181733941,-1.0
5986814048797798025,-1.0
5987976162401366571,-1.0
5988222872365537243,-1.0
5993176943812872421,-1.0
5994973874799675806,-1.0
5996843906298702948,-1.0
6002457919680563550,-1.0
6005549816645612322,-1.0
6006735111709650745,-1.0
6016231462746852509,-1.0
6018370626859714643,-1.0
6022801762357686773,-1.0
6024169589588387154,-1.0
6024777852827769554,-1.0
6029560858799024509,-1.0
6040534665721122338,-1.0
6041592012921327806,-1.0
6061836574312367796,-1.0
6090513521473910363,-1.0
6091541483100177514,-1.0
6093272889851608050,-1.0
6096852850615623214,-1.0
6100217756331312924,-1.0
6103503606765737682,-1.0
6110507378547872872,-1.0
6119342362212396965,-1.0
6125370559939699028,-1.0
6132283207204483500,-1.0
6133966825050432435,-1.0
6138443779007071092,-1.0
6138476629571584612,-1.0
6141038809983665947,-1.0
6143155418625980974,-1.0
6146404138576459810,-1.0
6153425897387991608,-1.0
6158918157688547296,-1.0
6162714499442348006,-1.0
6165932618164355209,-1.0
6168899930020929943,-1.0
6173175346913047861,-1.0
6178350187640320801,-1.0
6181947348360306505,-1.0
6185666113416125555,-1.0
6192920735373889561,-1.0
6193568171963035707,-1.0
6208342252216294485,-1.0
6214636192945885422,-1.0
6218407154857336681,-1.0
6219162876608070997,-1.0
6219642371793907029,-1.0
6223393517838815742,-1.0
6224575263959644595,-1.0
6224724561667131987,-1.0
6232861700844937311,-1.0
6235291308192653917,-1.0
6236484704907401836,-1.0
6256882742772467432,-1.0
6257807511275361294,-1.0
6258500878335471750,-1.0
6261204568339580560,-1.0
6285522243829276576,-1.0
6298205064501904426,-1.0
6308084723366409180,-1.0
6312842389580143893,-1.0
6313125165288082469,-1.0
6318395821687437058,-1.0
6321843126597491384,-1.0
6322147847246908416,-1.0
6326912228484332237,-1.0
6327655665919777390,-1.0
6330230860493382209,-1.0
6331948884382427319,-1.0
6332658586337974930,-1.0
6336700767238515207,-1.0
6339587369812650514,-1.0
6342740793733987689,-1.0
6346872948559248952,-1.0
6351502471430446609,-1.0
6354693092296602715,-1.0
6356300107595601606,-1.0
6363486721217826192,-1.0
6385094668830316049,-1.0
6393578856078200467,-1.0
6399486645605440070,-1.0
6404441147173599608,-1.0
6405535391777471110,-1.0
6405582300653448666,-1.0
6406687093481815100,-1.0
6421928116519984050,-1.0
6425501719891575171,-1.0
6427884153110982160,-1.0
6428204263419976412,-1.0
6434119332439264965,-1.0
6435033323751737979,-1.0
6446957882844925333,-1.0
6448237487257196994,-1.0
6448446476914014373,-1.0
6459433161009981196,-1.0
6461629016981987840,-1.0
6463995181029031066,-1.0
6469283809824885678,-1.0
6469319130348765367,-1.0
6470707121978207432,-1.0
6482398786461502205,-1.0
6484757191541417199,-1.0
6491387631482781069,-1.0
6495693318521573930,-1.0
6499938216027363531,-1.0
6500448560132259116,-1.0
6501704623980922639,-1.0
6507323124635381405,-1.0
6510821412460331161,-1.0
6535670822622608476,-1.0
6537269715976080400,-1.0
6537611023014516354,-1.0
6546860562118784675,-1.0
6548089005251022721,-1.0
6549159506582816465,-1.0
6554579982081088572,-1.0
6556979778455158224,-1.0
6559688757843321935,-1.0
6571143548124003541,-1.0
6572233211057042761,-1.0
6575434512005546499,-1.0
6583805625021349570,-1.0
6585645237729469537,-1.0
6597886513103858324,-1.0
6601220253376298921,-1.0
6602614339649685830,-1.0
6605607790456618966,-1.0
6605772872932979179,-1.0
6615697878101542009,-1.0
6617816257864801181,-1.0
6621045587928674345,-1.0
6623318409282897700,-1.0
6625943547064096138,-1.0
6635109450138580246,-1.0
6635503696096744716,-1.0
6638259353397384469,-1.0
6641280641509945134,-1.0
6643180623667427372,-1.0
6643999983725375808,-1.0
6645328840499518359,-1.0
6653761237085169119,-1.0
6657565615784520895,-1.0
6664943971936123820,-1.0
6675496366364443703,-1.0
6680995322839418298,-1.0
6691134310470201324,-1.0
6691144688340972492,-1.0
6692402988351595110,-1.0
6692473004789253821,-1.0
6702184111161623244,-1.0
6705319181526891750,-1.0
6708160042551726506,-1.0
6708489007676027492,-1.0
6711048620715115737,-1.0
6712360965482469742,-1.0
6714853851152194273,-1.0
6717935475117792038,-1.0
6718045382947982040,-1.0
6726999686835157502,-1.0
6734022186921608983,-1.0
6742880385117309783,-1.0
6746964425500559483,-1.0
6759870602810209545,-1.0
6772666700518660179,-1.0
6773973988998547612,-1.0
6777610120070546247,-1.0
6778820284008859464,-1.0
6783365461083873197,-1.0
6786694825717435412,-1.0
6795721198647569357,-1.0
6798249767815881974,-1.0
6801288218138687547,-1.0
6811818334552164049,-1.0
6812625117989178249,-1.0
6813164011035071579,-1.0
6825134633094484266,-1.0
6840638161169227782,-1.0
6846312458893742676,-1.0
6864855905077307427,-1.0
6867354172681148070,-1.0
6873016920722114551,-1.0
6875167487069416099,-1.0
6875176456829601390,-1.0
6886270268728180623,-1.0
6890612151076045084,-1.0
6891094195064400571,-1.0
6898702522398035444,-1.0
6899199964927676973,-1.0
6918125593257131604,-1.0
6930528981834440327,-1.0
6934313671855111863,-1.0
6945555663815995267,-1.0
6963121362380726939,-1.0
6974946928892308937,-1.0
6977366360622416989,-1.0
6978092743851668201,-1.0
6989516222243250449,-1.0
7010789864829920929,-1.0
7019389756308256696,-1.0
7021613274512170106,-1.0
7022902391027034279,-1.0
7026834796804993396,-1.0
7028460843467812801,-1.0
7028807129098098633,-1.0
7028845377167320883,-1.0
7032558405164876120,-1.0
7033173291944615462,-1.0
7033190237050635702,-1.0
7042037677779813328,-1.0
7043700711470122972,-1.0
7047391428194037710,-1.0
7056957437454053995,-1.0
7064395174109158993,-1.0
7067714156265731464,-1.0
7068325021183625463,-1.0
7070100639430716033,-1.0
7075018306255796672,-1.0
7075338260627949689,-1.0
7081966427153062232,-1.0
7085796616859484751,-1.0
7085951803984119028,-1.0
7086304439365552086,-1.0
7097064821933582733,-1.0
7097279573580724948,-1.0
7100225138955817810,-1.0
7105110593846361539,-1.0
7121456255051735279,-1.0
7130764701733437581,-1.0
7144829732958273021,-1.0
7169360827815704343,-1.0
7195330557339366114,-1.0
7204198350275026026,-1.0
7210594262970044898,-1.0
7212974127433704979,-1.0
7214188742862324181,-1.0
7216868201213797284,-1.0
7218290155394253114,-1.0
7227199248947252633,-1.0
7227798230466787598,-1.0
7230192713289577245,-1.0
7236786001989311806,-1.0
7241688008202879757,-1.0
7241967966776119477,-1.0
7251619004379332303,-1.0
7252112307839764817,-1.0
7254585473452578316,-1.0
7261226630037913184,-1.0
7267443430466028318,-1.0
7269862366291266368,-1.0
7277845894031229058,-1.0
7295466705739760491,-1.0
7296751644856956503,-1.0
7300382150142820687,-1.0
7311415986144905394,-1.0
7316587739761032395,-1.0
7318999104894716159,-1.0
7322119749676551523,-1.0
7324452162387223369,-1.0
7325399759233064237,-1.0
7334369048141123729,-1.0
7335570454066813918,-1.0
7336936495727177539,-1.0
7344785036354312932,-1.0
7347293573421854677,-1.0
7358583856640850530,-1.0
7360421185172817847,-1.0
7362271114982802216,-1.0
7371106741794415376,-1.0
7372580288033649225,-1.0
7381710461590472185,-1.0
7386624436687397883,-1.0
7389902591366010822,-1.0
7390133454936250083,-1.0
7390560039033615223,-1.0
7393216047621791804,-1.0
7394504410474988578,-1.0
7403210720173911249,-1.0
7404295776634513023,-1.0
7406207468960550622,-1.0
7406855933314697895,-1.0
7407927469131492061,-1.0
7412063900227556572,-1.0
7415574529528610403,-1.0
7416287250876893659,-1.0
7418922518356982191,-1.0
7433078901689221456,-1.0
7435752673486478146,-1.0
7436835475477466634,-1.0
7438524155200355113,-1.0
7442228590261085669,-1.0
7444326762492447418,-1.0
7448526531855836081,-1.0
7453615317760685666,-1.0
7459543432853297592,-1.0
7464226952762460274,-1.0
7467093620274746046,-1.0
7473315249663036816,-1.0
7474375207516574877,-1.0
7481318970570288489,-1.0
7485231058615929006,-1.0
7500911244866071336,-1.0
7518122728623103451,-1.0
7520035551217930730,-1.0
7522343259437531446,-1.0
7527105477485298427,-1.0
7528086893273670043,-1.0
7534137667145204919,-1.0
7540450193746864194,-1.0
7542933710127181236,-1.0
7545713909795925762,-1.0
7554357397431140285,-1.0
7558656046905787811,-1.0
7563606502675984690,-1.0
7563991882010600005,-1.0
7566038285385603430,-1.0
7582071571171443496,-1.0
7582231215554349587,-1.0
7585339857807209820,-1.0
7589716181576763247,-1.0
7592801582737971679,-1.0
7595294149010354971,-1.0
7600893292140107100,-1.0
7601196517148720650,-1.0
7612153295253309538,-1.0
7612165727391501182,-1.0
7613988779372711633,-1.0
7614922475261948443,-1.0
7617051690960384010,-1.0
7619392447483785914,-1.0
7625103951954112236,-1.0
7642118740563074369,-1.0
7653416267000545039,-1.0
7656438385508039831,-1.0
7658520915108154294,-1.0
7663901411577214503,-1.0
7669882438604567117,-1.0
7676956574370133179,-1.0
7677844474869059339,-1.0
7683557180371870992,-1.0
7684126223589304136,-1.0
7685594131227882915,-1.0
7694498756806342981,-1.0
7698320432357191916,-1.0
7709283624224887561,-1.0
7722799832366556008,-1.0
7738857438238848436,-1.0
7739174799686697116,-1.0
7739566224661892273,-1.0
7740776622996720960,-1.0
7740957449649370191,-1.0
7748109305711095090,-1.0
7749194130817481313,-1.0
7760598330809428282,-1.0
7768503095139181047,-1.0
7770483699306301508,-1.0
7783759188893158181,-1.0
7790213360618642510,-1.0
7799125524890631678,-1.0
7804719863657050879,-1.0
7805189619163366267,-1.0
7812067042667369171,-1.0
7812704205479773486,-1.0
7813041044580070321,-1.0
7813739624221112431,-1.0
7814860402905924190,-1.0
7822510517256046115,-1.0
7826544975219227489,-1.0
7832541036006539606,-1.0
7836613514609232478,-1.0
7839593355454634743,-1.0
7845544829296593277,-1.0
7847112711471691281,-1.0
7850070780078839177,-1.0
7864590047636314070,-1.0
7864959567905972426,-1.0
7875326549198297105,-1.0
7875804447565572656,-1.0
7876501754687137772,-1.0
7877772761522167802,-1.0
7883215435621508374,-1.0
7898091172459195849,-1.0
7901243815731499696,-1.0
7901326923721476612,-1.0
7905892123387188330,-1.0
7915204652343745580,-1.0
7917687742092420943,-1.0
7923891371903715204,-1.0
7924613958461081724,-1.0
7929885239639048330,-1.0
7939672519730582726,-1.0
7941225353170209837,-1.0
7942309226154914898,-1.0
7945200972526480005,-1.0
7947179830787127761,-1.0
7954602860228386876,-1.0
7956247138332981233,-1.0
7961119633751324551,-1.0
7968145811980852572,-1.0
7968899825043540178,-1.0
7970632037873178449,-1.0
7973320469247845640,-1.0
7973393813887739662,-1.0
7978127163167479911,-1.0
7979192832101730603,-1.0
7983913735987084679,-1.0
7994130216822626506,-1.0
8008363778960743713,-1.0
8012923133650822773,-1.0
8022353567471828044,-1.0
8024095473938153709,-1.0
8028858108619325923,-1.0
8030092176738119422,-1.0
8033880659968178289,-1.0
8034706013762894595,-1.0
8047025961771999718,-1.0
8047477011252870316,-1.0
8049535816247055946,-1.0
8050533706436668956,-1.0
8061852078499865413,-1.0
8065974186327162899,-1.0
8071853043981043059,-1.0
8084318996463181239,-1.0
8084523792977888044,-1.0
8091140092495256347,-1.0
8091409854835093190,-1.0
8095538512090439162,-1.0
8099945957471781936,-1.0
8110483512212495020,-1.0
8111314397844714963,-1.0
8116098816423934762,-1.0
8119892937453824870,-1.0
8121312099277837057,-1.0
8132090710475832986,-1.0
8137182150643269954,-1.0
8142019408970950619,-1.0
8142490625002287972,-1.0
8144131398848105776,-1.0
8148657902339889505,-1.0
8158946715186281197,-1.0
8160701878560743821,-1.0
8162435760282223980,-1.0
8171562162645389301,-1.0
8173854445100598497,-1.0
8196264717564122543,-1.0
8222174179766392461,-1.0
8227091978677451807,-1.0
8234245595011072000,-1.0
8240910686065493355,-1.0
8253853609483534797,-1.0
8256288554921324273,-1.0
8257217103814526636,-1.0
8258539041537699423,-1.0
8264220862873222483,-1.0
8265801093253517263,-1.0
8266431886142955532,-1.0
8273021368145138460,-1.0
8273191757867261091,-1.0
8277293523860764232,-1.0
8279512393784343179,-1.0
8279868938330524949,-1.0
8282394158147738344,-1.0
8285099237697270423,-1.0
8289801190688010747,-1.0
8293115122060941557,-1.0
8295094464586676113,-1.0
8295690365272851845,-1.0
8314515147544028565,-1.0
8324168735726574248,-1.0
8325055103225474757,-1.0
8332940864586048680,-1.0
8337021962346608691,-1.0
8337873638363629781,-1.0
8337887238631734467,-1.0
8344158754353924131,-1.0
8350200305402830846,-1.0
8352115425397788651,-1.0
8357199628891555427,-1.0
8366856207777265368,-1.0
8370163047577584446,-1.0
8374333735792542921,-1.0
8382664326918389526,-1.0
8386218398853072886,-1.0
8389126589660759869,-1.0
8389312966167186880,-1.0
8394867524637080625,-1.0
8397104740146016676,-1.0
8401504837865820811,-1.0
8405363833412351180,-1.0
8406418216824061167,-1.0
8407463903714166314,-1.0
8409674793365414525,-1.0
8415020841975256799,-1.0
8430534427533363059,-1.0
8432205180355626597,-1.0
8433445229087608538,-1.0
8437518764525207340,-1.0
8442075072265159193,-1.0
8443161494834039652,-1.0
8452022348537817218,-1.0
8459065564791630361,-1.0
8472568346963700656,-1.0
8474146471467757087,-1.0
8479272077466102778,-1.0
8494581533738230868,-1.0
8496623840374667635,-1.0
8498416611859051729,-1.0
8508941058515713977,-1.0
8509763191269647031,-1.0
8510730669390592351,-1.0
8514712293403327394,-1.0
8514969126047098332,-1.0
8517718889835627022,-1.0
8520106519920865323,-1.0
8527269484787257465,-1.0
8541596130312088457,-1.0
8546892092388655001,-1.0
8556735724592756621,-1.0
8563693875251897752,-1.0
8565773113155453234,-1.0
8572876392413054998,-1.0
8573466637925012443,-1.0
8577828558412973977,-1.0
8583710831142573271,-1.0
8584829578011461958,-1.0
8594973488798130239,-1.0
8597050589400798511,-1.0
8598365109884388929,-1.0
8599983720088751774,-1.0
8602347518114419175,-1.0
8602730810037648387,-1.0
8607263319927966536,-1.0
8614927281421185856,-1.0
8618968386872070499,-1.0
8624284498244714499,-1.0
8632920540905482487,-1.0
8639612387529910809,-1.0
8646103013341201723,-1.0
8647123222176261826,-1.0
8654128515114941740,-1.0
8654704737752618206,-1.0
8660223837700558392,-1.0
8665243798993000484,-1.0
8665412156387076228,-1.0
8666779704926483992,-1.0
8667666352580677026,-1.0
8670713620125254727,-1.0
8674780315438895066,-1.0
8688163137268717050,-1.0
8691010525595257325,-1.0
8695003901926295318,-1.0
8695059467681055653,-1.0
8699108039833717725,-1.0
8700120959334652550,-1.0
8703679926637447067,-1.0
8706504246736450868,-1.0
8708154949205491464,-1.0
8722441652742892012,-1.0
8734733406056447210,-1.0
8734960421695740081,-1.0
8738585177504107478,-1.0
8741279234727690226,-1.0
8742715380135126441,-1.0
8750484445317294699,-1.0
8759663434368801349,-1.0
8762126237976983028,-1.0
8767885538164206404,-1.0
8773813287682407679,-1.0
8778133396044329983,-1.0
8780590850506767991,-1.0
8780615738614603689,-1.0
8783151849524449360,-1.0
8787102829910223179,-1.0
8805690850609163107,-1.0
8805730488641244046,-1.0
8805760374372696459,-1.0
8825801836919523485,-1.0
8831367285417265011,-1.0
8833030734356107671,-1.0
8833146119780186657,-1.0
8844517529497925723,-1.0
8846000610614697386,-1.0
8847160653474892607,-1.0
8848243486721488921,-1.0
8849394009325192270,-1.0
8849808284071210035,-1.0
8854018124589896522,-1.0
8855028664640661515,-1.0
8859909049658593165,-1.0
8865699888960395895,-1.0
8875366056987209018,-1.0
8881276765418424977,-1.0
8887882022152988977,-1.0
8891347403104244348,-1.0
8894655501641682928,-1.0
8905191437034135355,-1.0
8909449363481828238,-1.0
8913041038877719906,-1.0
8913664652924446349,-1.0
8914350227511099882,-1.0
8919768338879454587,-1.0
8923577917047821010,-1.0
8924363325619942324,-1.0
8925796175949167102,-1.0
8927021975650668460,-1.0
8928759992032281335,-1.0
8933184904332497659,-1.0
8936753795692729288,-1.0
8945304032768467286,-1.0
8945664521559892720,-1.0
8952087759706193554,-1.0
8952558814679817026,-1.0
8965391416374792757,-1.0
8966934811378531517,-1.0
8969434991193340540,-1.0
8970878084534133576,-1.0
8976638257546585889,-1.0
8978835342463313787,-1.0
8979833298779547878,-1.0
8992285715589102377,-1.0
8996134013162107600,-1.0
9001527422510889567,-1.0
9002644741602610216,-1.0
9002961799931112988,-1.0
9008281951079701178,-1.0
9009067776276219782,-1.0
9010201744824745639,-1.0
9011253965584479694,-1.0
9013070998107838157,-1.0
9021114985417234650,-1.0
9025127204439435111,-1.0
9028190343642051386,-1.0
9034000854150768147,-1.0
9038459943168295129,-1.0
9046039322645130125,-1.0
9050058819096805711,-1.0
9051154796741785547,-1.0
9055433034719805103,-1.0
9059898988303212858,-1.0
9059948488228104108,-1.0
9064165349854428180,-1.0
9072804712261740136,-1.0
9073191699481427235,-1.0
9078581263319058904,-1.0
9082531666812023135,-1.0
9083260918093585628,-1.0
9091766669044762848,-1.0
9094819179972881720,-1.0
9100149448363205522,-1.0
9103004715354648764,-1.0
9103081386045561782,-1.0
9106176165010787908,-1.0
9106759986777004052,-1.0
9107259525595655000,-1.0
9111100417575973429,-1.0
9115600109758139527,-1.0
9128344375007371554,-1.0
9130934519741193099,-1.0
9132112895304538761,-1.0
9135824859937885238,-1.0
9138661920736630144,-1.0
9139647483093599183,-1.0
9142893083821570275,-1.0
9145184788887440124,-1.0
9151246983695642487,-1.0
9159450486254400834,-1.0
9167404775713464619,-1.0
9173189511079428787,-1.0
9174526796953709484,-1.0
9174819119022344383,-1.0
9175794279457282684,-1.0
9181201694197108281,-1.0
9188747340905104075,-1.0
9193349786966167864,-1.0
9195696560645230438,-1.0
9196529723008149176,-1.0
9198389020632256982,-1.0
9202348914597323053,-1.0
9203395521919470061,-1.0
9203559451373327637,-1.0
9209793795197852544,-1.0
9210541577777911961,-1.0
9211111397030689597,-1.0
9212556816512443502,-1.0
9213529154366735479,-1.0
9213762316593380748,-1.0
9220437466264519562,-1.0
